{"timestamp":"2025-09-12T20:13:38.249Z","level":"INFO","message":"Starting smart course generation from FreeCodeCamp solutions","data":{"targetLanguage":"javascript","maxCourses":3,"difficulty":"intermediate","focusAreas":["algorithms"]}}
{"timestamp":"2025-09-12T20:13:38.760Z","level":"INFO","message":"Fetched 200 enriched lessons for analysis"}
{"timestamp":"2025-09-12T20:13:38.767Z","level":"INFO","message":"Starting AI request attempt 1/5","data":{"description":"FreeCodeCamp Lessons Analysis"}}
{"timestamp":"2025-09-12T20:14:02.722Z","level":"INFO","message":"Setting up enhanced database schema"}
{"timestamp":"2025-09-12T20:14:02.996Z","level":"INFO","message":"Database schema setup completed"}
{"timestamp":"2025-09-12T20:14:03.001Z","level":"INFO","message":"Ingesting sample data for testing"}
{"timestamp":"2025-09-12T20:14:03.041Z","level":"INFO","message":"Found 1909 existing lessons in database"}
{"timestamp":"2025-09-12T20:14:03.080Z","level":"INFO","message":"API endpoints created"}
{"timestamp":"2025-09-12T20:14:03.088Z","level":"INFO","message":"Frontend integration guide created"}
{"timestamp":"2025-09-12T20:14:03.091Z","level":"INFO","message":"Starting AI request attempt 1/1","data":{"description":"Service Verification Test"}}
{"timestamp":"2025-09-12T20:14:03.667Z","level":"INFO","message":"AI request successful on attempt 1","data":{"description":"Service Verification Test","responseLength":32}}
{"timestamp":"2025-09-12T20:14:03.672Z","level":"INFO","message":"AI services verified successfully"}
{"timestamp":"2025-09-12T20:14:03.872Z","level":"INFO","message":"All verification tests passed"}
{"timestamp":"2025-09-12T20:14:03.883Z","level":"INFO","message":"Setup completed","data":{"successfulSteps":6,"failedSteps":0,"totalSteps":6}}
{"timestamp":"2025-09-12T20:14:36.552Z","level":"INFO","message":"Creating premium course: grokking-coding-interview","data":{"options":{"maxProblems":20,"languages":["javascript"],"practiceMode":"guided"}}}
{"timestamp":"2025-09-12T20:14:36.840Z","level":"INFO","message":"Starting AI request attempt 1/5","data":{"description":"Course Structure: Mastering Coding Interviews: Pattern-Based Problem Solving"}}
{"timestamp":"2025-09-12T20:15:16.216Z","level":"INFO","message":"AI request successful on attempt 1","data":{"description":"Course Structure: Mastering Coding Interviews: Pattern-Based Problem Solving","responseLength":33010}}
{"timestamp":"2025-09-12T20:15:16.221Z","level":"INFO","message":"Starting content aggregation for theme: Mastering Coding Interviews: Pattern-Based Problem Solving","data":{"minProblems":12,"maxProblems":20,"difficulty":["easy","medium","hard"],"languages":["javascript"]}}
{"timestamp":"2025-09-12T20:15:16.225Z","level":"INFO","message":"Fetching LeetCode problems","data":{"theme":"Mastering Coding Interviews: Pattern-Based Problem Solving","difficulty":["easy","medium","hard"]}}
{"timestamp":"2025-09-12T20:15:16.226Z","level":"INFO","message":"Generating original problems with AI","data":{"theme":"Mastering Coding Interviews: Pattern-Based Problem Solving"}}
{"timestamp":"2025-09-12T20:15:16.228Z","level":"INFO","message":"Starting AI request attempt 1/5","data":{"description":"Original Problems: Mastering Coding Interviews: Pattern-Based Problem Solving"}}
{"timestamp":"2025-09-12T20:15:53.511Z","level":"INFO","message":"AI request successful on attempt 1","data":{"description":"Original Problems: Mastering Coding Interviews: Pattern-Based Problem Solving","responseLength":24606}}
{"timestamp":"2025-09-12T20:15:53.518Z","level":"INFO","message":"Content aggregation completed","data":{"totalProblems":12,"sources":["freeCodeCamp","leetCode","AI-generated"]}}
{"timestamp":"2025-09-12T20:15:53.521Z","level":"INFO","message":"Starting AI request attempt 1/5","data":{"description":"Module Lessons: Introduction to Pattern-Based Problem Solving & Sliding Window"}}
{"timestamp":"2025-09-12T20:16:16.424Z","level":"INFO","message":"AI request successful on attempt 1","data":{"description":"Module Lessons: Introduction to Pattern-Based Problem Solving & Sliding Window","responseLength":15766}}
{"timestamp":"2025-09-12T20:16:16.427Z","level":"INFO","message":"Starting AI request attempt 1/5","data":{"description":"Practice Exercises: Introduction to Pattern-Based Problem Solving & Sliding Window"}}
{"timestamp":"2025-09-12T20:20:28.622Z","level":"INFO","message":"Starting AI request attempt 1/2","data":{"description":"Basic AI Test"}}
{"timestamp":"2025-09-12T20:20:29.504Z","level":"INFO","message":"AI request successful on attempt 1","data":{"description":"Basic AI Test","responseLength":59}}
{"timestamp":"2025-09-12T20:20:29.857Z","level":"INFO","message":"Starting AI supervision for session test-session"}
{"timestamp":"2025-09-12T20:20:29.860Z","level":"INFO","message":"Starting AI request attempt 1/5","data":{"description":"Session Strategy: test-session"}}
{"timestamp":"2025-09-12T20:20:35.284Z","level":"INFO","message":"AI request successful on attempt 1","data":{"description":"Session Strategy: test-session","responseLength":3537}}
{"timestamp":"2025-09-12T20:25:26.431Z","level":"INFO","message":"Creating premium course: grokking-coding-interview","data":{"options":{"maxProblems":20,"languages":["javascript","python"],"practiceMode":"guided"}}}
{"timestamp":"2025-09-12T20:25:26.721Z","level":"INFO","message":"Starting AI request attempt 1/5","data":{"description":"Course Structure: Mastering Coding Interviews: Pattern-Based Problem Solving"}}
{"timestamp":"2025-09-12T20:25:55.754Z","level":"INFO","message":"AI request successful on attempt 1","data":{"description":"Course Structure: Mastering Coding Interviews: Pattern-Based Problem Solving","responseLength":23414}}
{"timestamp":"2025-09-12T20:25:55.759Z","level":"INFO","message":"Starting content aggregation for theme: Mastering Coding Interviews: Pattern-Based Problem Solving","data":{"minProblems":12,"maxProblems":20,"difficulty":["easy","medium","hard"],"languages":["javascript","python"]}}
{"timestamp":"2025-09-12T20:25:55.767Z","level":"INFO","message":"Generating original problems with AI","data":{"theme":"Mastering Coding Interviews: Pattern-Based Problem Solving"}}
{"timestamp":"2025-09-12T20:25:55.766Z","level":"INFO","message":"Fetching LeetCode problems","data":{"theme":"Mastering Coding Interviews: Pattern-Based Problem Solving","difficulty":["easy","medium","hard"]}}
{"timestamp":"2025-09-12T20:25:55.770Z","level":"INFO","message":"Starting AI request attempt 1/5","data":{"description":"Original Problems: Mastering Coding Interviews: Pattern-Based Problem Solving"}}
{"timestamp":"2025-09-12T20:26:47.117Z","level":"INFO","message":"AI request successful on attempt 1","data":{"description":"Original Problems: Mastering Coding Interviews: Pattern-Based Problem Solving","responseLength":31328}}
{"timestamp":"2025-09-12T20:26:47.138Z","level":"WARN","message":"AI request failed on attempt 1/5","data":{"description":"Original Problems: Mastering Coding Interviews: Pattern-Based Problem Solving","error":"AI response contained malformed JSON: Bad control character in string literal in JSON at position 29951 (line 424 column 772)","type":"MALFORMED_JSON","retryable":false}}
{"timestamp":"2025-09-12T20:26:47.143Z","level":"ERROR","message":"Non-retryable error encountered","data":{"description":"Original Problems: Mastering Coding Interviews: Pattern-Based Problem Solving","error":"AI response contained malformed JSON: Bad control character in string literal in JSON at position 29951 (line 424 column 772)"}}
{"timestamp":"2025-09-12T20:26:47.149Z","level":"WARN","message":"Failed to generate original problems","data":{"error":"AI response contained malformed JSON: Bad control character in string literal in JSON at position 29951 (line 424 column 772)"}}
{"timestamp":"2025-09-12T20:26:47.155Z","level":"INFO","message":"Starting AI request attempt 1/5","data":{"description":"Problem Variations (10)"}}
{"timestamp":"2025-09-12T20:26:55.291Z","level":"INFO","message":"AI request successful on attempt 1","data":{"description":"Problem Variations (10)","responseLength":4741}}
{"timestamp":"2025-09-12T20:26:55.299Z","level":"INFO","message":"Content aggregation completed","data":{"totalProblems":2,"sources":["freeCodeCamp","leetCode","AI-generated"]}}
{"timestamp":"2025-09-12T20:26:55.305Z","level":"INFO","message":"Starting AI request attempt 1/5","data":{"description":"Module Lessons: Introduction to Pattern-Based Problem Solving & Sliding Window"}}
{"timestamp":"2025-09-12T20:27:18.652Z","level":"INFO","message":"AI request successful on attempt 1","data":{"description":"Module Lessons: Introduction to Pattern-Based Problem Solving & Sliding Window","responseLength":19370}}
{"timestamp":"2025-09-12T20:27:18.658Z","level":"INFO","message":"Starting AI request attempt 1/5","data":{"description":"Practice Exercises: Introduction to Pattern-Based Problem Solving & Sliding Window"}}
{"timestamp":"2025-09-12T20:27:39.031Z","level":"INFO","message":"AI request successful on attempt 1","data":{"description":"Practice Exercises: Introduction to Pattern-Based Problem Solving & Sliding Window","responseLength":11498}}
{"timestamp":"2025-09-12T20:27:39.045Z","level":"WARN","message":"AI request failed on attempt 1/5","data":{"description":"Practice Exercises: Introduction to Pattern-Based Problem Solving & Sliding Window","error":"AI response contained malformed JSON: Unexpected token 'T', ...\"xpected\": True },\n  \"... is not valid JSON","type":"MALFORMED_JSON","retryable":false}}
{"timestamp":"2025-09-12T20:27:39.048Z","level":"ERROR","message":"Non-retryable error encountered","data":{"description":"Practice Exercises: Introduction to Pattern-Based Problem Solving & Sliding Window","error":"AI response contained malformed JSON: Unexpected token 'T', ...\"xpected\": True },\n  \"... is not valid JSON"}}
{"timestamp":"2025-09-12T20:27:39.075Z","level":"ERROR","message":"Failed to create premium course","data":{"error":"AI response contained malformed JSON: Unexpected token 'T', ...\"xpected\": True },\n  \"... is not valid JSON","courseType":"grokking-coding-interview"}}
{"timestamp":"2025-09-12T20:28:06.584Z","level":"INFO","message":"Creating premium course: grokking-coding-interview","data":{"options":{"maxProblems":5,"languages":["javascript","python"],"practiceMode":"guided"}}}
{"timestamp":"2025-09-12T20:28:06.853Z","level":"INFO","message":"Starting AI request attempt 1/5","data":{"description":"Course Structure: Mastering Coding Interviews: Pattern-Based Problem Solving"}}
{"timestamp":"2025-09-12T20:28:41.644Z","level":"INFO","message":"AI request successful on attempt 1","data":{"description":"Course Structure: Mastering Coding Interviews: Pattern-Based Problem Solving","responseLength":27998}}
{"timestamp":"2025-09-12T20:28:41.650Z","level":"INFO","message":"Starting content aggregation for theme: Mastering Coding Interviews: Pattern-Based Problem Solving","data":{"minProblems":3,"maxProblems":5,"difficulty":["easy","medium","hard"],"languages":["javascript","python"]}}
{"timestamp":"2025-09-12T20:28:41.657Z","level":"INFO","message":"Fetching LeetCode problems","data":{"theme":"Mastering Coding Interviews: Pattern-Based Problem Solving","difficulty":["easy","medium","hard"]}}
{"timestamp":"2025-09-12T20:28:41.658Z","level":"INFO","message":"Generating original problems with AI","data":{"theme":"Mastering Coding Interviews: Pattern-Based Problem Solving"}}
{"timestamp":"2025-09-12T20:28:41.663Z","level":"INFO","message":"Starting AI request attempt 1/5","data":{"description":"Original Problems: Mastering Coding Interviews: Pattern-Based Problem Solving"}}
{"timestamp":"2025-09-12T20:29:18.885Z","level":"INFO","message":"AI request successful on attempt 1","data":{"description":"Original Problems: Mastering Coding Interviews: Pattern-Based Problem Solving","responseLength":23904}}
{"timestamp":"2025-09-12T20:29:18.893Z","level":"INFO","message":"Content aggregation completed","data":{"totalProblems":5,"sources":["freeCodeCamp","leetCode","AI-generated"]}}
{"timestamp":"2025-09-12T20:29:18.897Z","level":"INFO","message":"Starting AI request attempt 1/5","data":{"description":"Module Lessons: Introduction to Algorithmic Patterns & Sliding Window"}}
{"timestamp":"2025-09-12T20:29:46.629Z","level":"INFO","message":"AI request successful on attempt 1","data":{"description":"Module Lessons: Introduction to Algorithmic Patterns & Sliding Window","responseLength":18311}}
{"timestamp":"2025-09-12T20:29:46.631Z","level":"INFO","message":"Starting AI request attempt 1/5","data":{"description":"Practice Exercises: Introduction to Algorithmic Patterns & Sliding Window"}}
{"timestamp":"2025-09-12T20:30:06.293Z","level":"INFO","message":"AI request successful on attempt 1","data":{"description":"Practice Exercises: Introduction to Algorithmic Patterns & Sliding Window","responseLength":11952}}
{"timestamp":"2025-09-12T20:30:06.296Z","level":"INFO","message":"Starting AI request attempt 1/5","data":{"description":"Capstone Project: Introduction to Algorithmic Patterns & Sliding Window"}}
{"timestamp":"2025-09-12T20:30:28.720Z","level":"INFO","message":"AI request successful on attempt 1","data":{"description":"Capstone Project: Introduction to Algorithmic Patterns & Sliding Window","responseLength":14562}}
{"timestamp":"2025-09-12T20:30:28.739Z","level":"WARN","message":"AI request failed on attempt 1/5","data":{"description":"Capstone Project: Introduction to Algorithmic Patterns & Sliding Window","error":"AI response contained malformed JSON: Unexpected token 'p', \"python\nimp\"... is not valid JSON","type":"MALFORMED_JSON","retryable":false}}
{"timestamp":"2025-09-12T20:30:28.742Z","level":"ERROR","message":"Non-retryable error encountered","data":{"description":"Capstone Project: Introduction to Algorithmic Patterns & Sliding Window","error":"AI response contained malformed JSON: Unexpected token 'p', \"python\nimp\"... is not valid JSON"}}
{"timestamp":"2025-09-12T20:30:28.777Z","level":"ERROR","message":"Failed to create premium course","data":{"error":"AI response contained malformed JSON: Unexpected token 'p', \"python\nimp\"... is not valid JSON","courseType":"grokking-coding-interview"}}
{"timestamp":"2025-09-12T20:36:01.067Z","level":"INFO","message":"Starting smart course generation from FreeCodeCamp solutions","data":{"targetLanguage":"javascript","maxCourses":1,"difficulty":"easy","focusAreas":["functions"]}}
{"timestamp":"2025-09-12T20:36:03.627Z","level":"INFO","message":"Fetched 72 enriched lessons for analysis"}
{"timestamp":"2025-09-12T20:36:03.632Z","level":"INFO","message":"Starting AI request attempt 1/5","data":{"description":"FreeCodeCamp Lessons Analysis"}}
{"timestamp":"2025-09-12T20:36:18.384Z","level":"INFO","message":"AI request successful on attempt 1","data":{"description":"FreeCodeCamp Lessons Analysis","responseLength":6857}}
{"timestamp":"2025-09-12T20:36:18.389Z","level":"INFO","message":"AI analysis completed","data":{"coursesIdentified":3,"themes":["Functional Programming in JavaScript","Applied Number Theory with JavaScript","JavaScript Functions: Fundamentals and Advanced Techniques"]}}
{"timestamp":"2025-09-12T20:36:18.392Z","level":"INFO","message":"Generating course: Functional Programming in JavaScript"}
{"timestamp":"2025-09-12T20:36:18.401Z","level":"INFO","message":"Starting AI request attempt 1/5","data":{"description":"Course Generation: Functional Programming in JavaScript"}}
{"timestamp":"2025-09-12T20:36:53.440Z","level":"INFO","message":"AI request successful on attempt 1","data":{"description":"Course Generation: Functional Programming in JavaScript","responseLength":28416}}
{"timestamp":"2025-09-12T20:36:53.536Z","level":"ERROR","message":"Failed to generate course for theme: Functional Programming in JavaScript","data":{"error":"column \"difficulty_level\" of relation \"courses\" does not exist"}}
{"timestamp":"2025-09-12T20:36:53.539Z","level":"ERROR","message":"Course generation failed","data":{"error":"column \"difficulty_level\" of relation \"courses\" does not exist"}}
{"timestamp":"2025-09-12T20:36:53.542Z","level":"INFO","message":"Creating premium course: custom","data":{"options":{"customTheme":{"title":"JavaScript Fundamentals","description":"Learn basic JavaScript programming concepts","patterns":["Variables","Functions","Loops","Arrays"]},"maxProblems":5,"languages":["javascript"],"targetAudience":"beginner programmers","practiceMode":"guided"}}}
{"timestamp":"2025-09-12T20:36:53.571Z","level":"INFO","message":"Starting AI request attempt 1/5","data":{"description":"Course Structure: JavaScript Fundamentals"}}
{"timestamp":"2025-09-12T20:37:15.470Z","level":"INFO","message":"AI request successful on attempt 1","data":{"description":"Course Structure: JavaScript Fundamentals","responseLength":17375}}
{"timestamp":"2025-09-12T20:39:44.863Z","level":"INFO","message":"Setting up enhanced database schema"}
{"timestamp":"2025-09-12T20:39:45.066Z","level":"INFO","message":"Database schema setup completed"}
{"timestamp":"2025-09-12T20:39:45.073Z","level":"INFO","message":"Ingesting sample data for testing"}
{"timestamp":"2025-09-12T20:39:45.116Z","level":"INFO","message":"Found 1909 existing lessons in database"}
{"timestamp":"2025-09-12T20:39:45.163Z","level":"INFO","message":"API endpoints created"}
{"timestamp":"2025-09-12T20:39:45.170Z","level":"INFO","message":"Frontend integration guide created"}
{"timestamp":"2025-09-12T20:39:45.173Z","level":"INFO","message":"Starting AI request attempt 1/1","data":{"description":"Service Verification Test"}}
{"timestamp":"2025-09-12T20:39:45.721Z","level":"INFO","message":"AI request successful on attempt 1","data":{"description":"Service Verification Test","responseLength":32}}
{"timestamp":"2025-09-12T20:39:45.726Z","level":"INFO","message":"AI services verified successfully"}
{"timestamp":"2025-09-12T20:39:45.932Z","level":"INFO","message":"All verification tests passed"}
{"timestamp":"2025-09-12T20:39:45.946Z","level":"INFO","message":"Setup completed","data":{"successfulSteps":6,"failedSteps":0,"totalSteps":6}}
{"timestamp":"2025-09-12T20:40:10.545Z","level":"INFO","message":"Creating premium course: grokking-coding-interview","data":{"options":{"maxProblems":5,"languages":["javascript","python"],"practiceMode":"guided"}}}
{"timestamp":"2025-09-12T20:40:10.814Z","level":"INFO","message":"Starting AI request attempt 1/5","data":{"description":"Course Structure: Mastering Coding Interviews: Pattern-Based Problem Solving"}}
{"timestamp":"2025-09-12T20:40:39.118Z","level":"INFO","message":"AI request successful on attempt 1","data":{"description":"Course Structure: Mastering Coding Interviews: Pattern-Based Problem Solving","responseLength":23259}}
{"timestamp":"2025-09-12T20:40:39.124Z","level":"INFO","message":"Starting content aggregation for theme: Mastering Coding Interviews: Pattern-Based Problem Solving","data":{"minProblems":3,"maxProblems":5,"difficulty":["easy","medium","hard"],"languages":["javascript","python"]}}
{"timestamp":"2025-09-12T20:40:39.127Z","level":"INFO","message":"Fetching LeetCode problems","data":{"theme":"Mastering Coding Interviews: Pattern-Based Problem Solving","difficulty":["easy","medium","hard"]}}
{"timestamp":"2025-09-12T20:40:39.128Z","level":"INFO","message":"Generating original problems with AI","data":{"theme":"Mastering Coding Interviews: Pattern-Based Problem Solving"}}
{"timestamp":"2025-09-12T20:40:39.133Z","level":"INFO","message":"Starting AI request attempt 1/5","data":{"description":"Original Problems: Mastering Coding Interviews: Pattern-Based Problem Solving"}}
{"timestamp":"2025-09-12T20:41:14.558Z","level":"INFO","message":"AI request successful on attempt 1","data":{"description":"Original Problems: Mastering Coding Interviews: Pattern-Based Problem Solving","responseLength":23837}}
{"timestamp":"2025-09-12T20:41:14.563Z","level":"INFO","message":"Content aggregation completed","data":{"totalProblems":5,"sources":["freeCodeCamp","leetCode","AI-generated"]}}
{"timestamp":"2025-09-12T20:41:14.566Z","level":"INFO","message":"Starting AI request attempt 1/5","data":{"description":"Module Lessons: Introduction to Pattern-Based Problem Solving & Sliding Window"}}
{"timestamp":"2025-09-12T20:41:45.398Z","level":"INFO","message":"AI request successful on attempt 1","data":{"description":"Module Lessons: Introduction to Pattern-Based Problem Solving & Sliding Window","responseLength":21856}}
{"timestamp":"2025-09-12T20:41:45.400Z","level":"INFO","message":"Starting AI request attempt 1/5","data":{"description":"Practice Exercises: Introduction to Pattern-Based Problem Solving & Sliding Window"}}
{"timestamp":"2025-09-12T20:42:02.550Z","level":"INFO","message":"AI request successful on attempt 1","data":{"description":"Practice Exercises: Introduction to Pattern-Based Problem Solving & Sliding Window","responseLength":9765}}
{"timestamp":"2025-09-12T20:42:02.554Z","level":"WARN","message":"AI request failed on attempt 1/5","data":{"description":"Practice Exercises: Introduction to Pattern-Based Problem Solving & Sliding Window","error":"AI returned code instead of JSON. Please adjust prompt to request JSON format only.","type":"CODE_INSTEAD_OF_JSON","retryable":false}}
{"timestamp":"2025-09-12T20:42:02.557Z","level":"ERROR","message":"Non-retryable error encountered","data":{"description":"Practice Exercises: Introduction to Pattern-Based Problem Solving & Sliding Window","error":"AI returned code instead of JSON. Please adjust prompt to request JSON format only."}}
{"timestamp":"2025-09-12T20:42:02.589Z","level":"ERROR","message":"Failed to create premium course","data":{"error":"AI returned code instead of JSON. Please adjust prompt to request JSON format only.","courseType":"grokking-coding-interview"}}
{"timestamp":"2025-09-12T20:45:06.794Z","level":"INFO","message":"Creating premium course: grokking-coding-interview","data":{"options":{"maxProblems":10,"languages":["javascript","python"],"practiceMode":"guided"}}}
{"timestamp":"2025-09-12T20:45:07.103Z","level":"INFO","message":"Starting AI request attempt 1/5","data":{"description":"Course Structure: Mastering Coding Interviews: Pattern-Based Problem Solving"}}
{"timestamp":"2025-09-12T20:45:34.858Z","level":"INFO","message":"AI request successful on attempt 1","data":{"description":"Course Structure: Mastering Coding Interviews: Pattern-Based Problem Solving","responseLength":22483}}
{"timestamp":"2025-09-12T20:45:34.863Z","level":"INFO","message":"Starting content aggregation for theme: Mastering Coding Interviews: Pattern-Based Problem Solving","data":{"minProblems":6,"maxProblems":10,"difficulty":["easy","medium","hard"],"languages":["javascript","python"]}}
{"timestamp":"2025-09-12T20:45:34.868Z","level":"INFO","message":"Fetching LeetCode problems","data":{"theme":"Mastering Coding Interviews: Pattern-Based Problem Solving","difficulty":["easy","medium","hard"]}}
{"timestamp":"2025-09-12T20:45:34.869Z","level":"INFO","message":"Generating original problems with AI","data":{"theme":"Mastering Coding Interviews: Pattern-Based Problem Solving"}}
{"timestamp":"2025-09-12T20:45:34.873Z","level":"INFO","message":"Starting AI request attempt 1/5","data":{"description":"Original Problems: Mastering Coding Interviews: Pattern-Based Problem Solving"}}
{"timestamp":"2025-09-12T20:46:11.303Z","level":"INFO","message":"AI request successful on attempt 1","data":{"description":"Original Problems: Mastering Coding Interviews: Pattern-Based Problem Solving","responseLength":25709}}
{"timestamp":"2025-09-12T20:46:11.307Z","level":"INFO","message":"Content aggregation completed","data":{"totalProblems":10,"sources":["freeCodeCamp","leetCode","AI-generated"]}}
{"timestamp":"2025-09-12T20:46:11.310Z","level":"INFO","message":"Starting AI request attempt 1/5","data":{"description":"Module Lessons: Introduction to Problem Solving Patterns & Sliding Window"}}
{"timestamp":"2025-09-12T20:46:31.036Z","level":"INFO","message":"AI request successful on attempt 1","data":{"description":"Module Lessons: Introduction to Problem Solving Patterns & Sliding Window","responseLength":16425}}
{"timestamp":"2025-09-12T20:46:31.040Z","level":"INFO","message":"Starting AI request attempt 1/5","data":{"description":"Practice Exercises: Introduction to Problem Solving Patterns & Sliding Window"}}
{"timestamp":"2025-09-12T20:46:46.353Z","level":"INFO","message":"AI request successful on attempt 1","data":{"description":"Practice Exercises: Introduction to Problem Solving Patterns & Sliding Window","responseLength":9298}}
{"timestamp":"2025-09-12T20:46:46.356Z","level":"INFO","message":"Starting AI request attempt 1/5","data":{"description":"Capstone Project: Introduction to Problem Solving Patterns & Sliding Window"}}
{"timestamp":"2025-09-12T20:46:59.800Z","level":"INFO","message":"AI request successful on attempt 1","data":{"description":"Capstone Project: Introduction to Problem Solving Patterns & Sliding Window","responseLength":12074}}
{"timestamp":"2025-09-12T20:46:59.804Z","level":"WARN","message":"AI request failed on attempt 1/5","data":{"description":"Capstone Project: Introduction to Problem Solving Patterns & Sliding Window","error":"AI response contained malformed JSON: Expected property name or '}' in JSON at position 1 (line 1 column 2)","type":"MALFORMED_JSON","retryable":false}}
{"timestamp":"2025-09-12T20:46:59.807Z","level":"ERROR","message":"Non-retryable error encountered","data":{"description":"Capstone Project: Introduction to Problem Solving Patterns & Sliding Window","error":"AI response contained malformed JSON: Expected property name or '}' in JSON at position 1 (line 1 column 2)"}}
{"timestamp":"2025-09-12T20:46:59.837Z","level":"ERROR","message":"Failed to create premium course","data":{"error":"AI response contained malformed JSON: Expected property name or '}' in JSON at position 1 (line 1 column 2)","courseType":"grokking-coding-interview"}}
{"timestamp":"2025-09-12T20:51:22.627Z","level":"INFO","message":"Creating premium course: grokking-coding-interview","data":{"options":{"maxProblems":10,"languages":["javascript","python"],"practiceMode":"guided"}}}
{"timestamp":"2025-09-12T20:51:22.891Z","level":"INFO","message":"Starting AI request attempt 1/5","data":{"description":"Course Structure: Mastering Coding Interviews: Pattern-Based Problem Solving"}}
{"timestamp":"2025-09-12T20:51:55.314Z","level":"INFO","message":"AI request successful on attempt 1","data":{"description":"Course Structure: Mastering Coding Interviews: Pattern-Based Problem Solving","responseLength":27531}}
{"timestamp":"2025-09-12T20:51:55.320Z","level":"INFO","message":"Starting content aggregation for theme: Mastering Coding Interviews: Pattern-Based Problem Solving","data":{"minProblems":6,"maxProblems":10,"difficulty":["easy","medium","hard"],"languages":["javascript","python"]}}
{"timestamp":"2025-09-12T20:51:55.325Z","level":"INFO","message":"Generating original problems with AI","data":{"theme":"Mastering Coding Interviews: Pattern-Based Problem Solving"}}
{"timestamp":"2025-09-12T20:51:55.324Z","level":"INFO","message":"Fetching LeetCode problems","data":{"theme":"Mastering Coding Interviews: Pattern-Based Problem Solving","difficulty":["easy","medium","hard"]}}
{"timestamp":"2025-09-12T20:51:55.329Z","level":"INFO","message":"Starting AI request attempt 1/5","data":{"description":"Original Problems: Mastering Coding Interviews: Pattern-Based Problem Solving"}}
{"timestamp":"2025-09-12T20:52:33.572Z","level":"INFO","message":"AI request successful on attempt 1","data":{"description":"Original Problems: Mastering Coding Interviews: Pattern-Based Problem Solving","responseLength":25771}}
{"timestamp":"2025-09-12T20:52:33.578Z","level":"INFO","message":"Content aggregation completed","data":{"totalProblems":10,"sources":["freeCodeCamp","leetCode","AI-generated"]}}
{"timestamp":"2025-09-12T20:52:33.581Z","level":"INFO","message":"Starting AI request attempt 1/5","data":{"description":"Module Lessons: Introduction to Pattern-Based Problem Solving & Sliding Window"}}
{"timestamp":"2025-09-12T20:52:53.276Z","level":"INFO","message":"AI request successful on attempt 1","data":{"description":"Module Lessons: Introduction to Pattern-Based Problem Solving & Sliding Window","responseLength":16096}}
{"timestamp":"2025-09-12T20:52:53.278Z","level":"INFO","message":"Starting AI request attempt 1/5","data":{"description":"Practice Exercises: Introduction to Pattern-Based Problem Solving & Sliding Window"}}
{"timestamp":"2025-09-12T20:53:04.501Z","level":"INFO","message":"AI request successful on attempt 1","data":{"description":"Practice Exercises: Introduction to Pattern-Based Problem Solving & Sliding Window","responseLength":7568}}
{"timestamp":"2025-09-12T20:53:04.505Z","level":"WARN","message":"AI request failed on attempt 1/5","data":{"description":"Practice Exercises: Introduction to Pattern-Based Problem Solving & Sliding Window","error":"AI response contained malformed JSON: Unterminated string in JSON at position 547 (line 13 column 26)","type":"MALFORMED_JSON","retryable":false}}
{"timestamp":"2025-09-12T20:53:04.507Z","level":"ERROR","message":"Non-retryable error encountered","data":{"description":"Practice Exercises: Introduction to Pattern-Based Problem Solving & Sliding Window","error":"AI response contained malformed JSON: Unterminated string in JSON at position 547 (line 13 column 26)"}}
{"timestamp":"2025-09-12T20:53:04.536Z","level":"ERROR","message":"Failed to create premium course","data":{"error":"AI response contained malformed JSON: Unterminated string in JSON at position 547 (line 13 column 26)","courseType":"grokking-coding-interview"}}
{"timestamp":"2025-09-12T20:54:46.297Z","level":"INFO","message":"Creating premium course: grokking-coding-interview","data":{"options":{"maxProblems":5,"languages":["javascript","python"],"practiceMode":"guided"}}}
{"timestamp":"2025-09-12T20:54:46.558Z","level":"INFO","message":"Starting AI request attempt 1/5","data":{"description":"Course Structure: Mastering Coding Interviews: Pattern-Based Problem Solving"}}
{"timestamp":"2025-09-12T20:55:19.840Z","level":"INFO","message":"AI request successful on attempt 1","data":{"description":"Course Structure: Mastering Coding Interviews: Pattern-Based Problem Solving","responseLength":28033}}
{"timestamp":"2025-09-12T20:55:19.845Z","level":"INFO","message":"Starting content aggregation for theme: Mastering Coding Interviews: Pattern-Based Problem Solving","data":{"minProblems":3,"maxProblems":5,"difficulty":["easy","medium","hard"],"languages":["javascript","python"]}}
{"timestamp":"2025-09-12T20:55:19.851Z","level":"INFO","message":"Generating original problems with AI","data":{"theme":"Mastering Coding Interviews: Pattern-Based Problem Solving"}}
{"timestamp":"2025-09-12T20:55:19.851Z","level":"INFO","message":"Fetching LeetCode problems","data":{"theme":"Mastering Coding Interviews: Pattern-Based Problem Solving","difficulty":["easy","medium","hard"]}}
{"timestamp":"2025-09-12T20:55:19.854Z","level":"INFO","message":"Starting AI request attempt 1/5","data":{"description":"Original Problems: Mastering Coding Interviews: Pattern-Based Problem Solving"}}
{"timestamp":"2025-09-12T20:55:51.640Z","level":"INFO","message":"AI request successful on attempt 1","data":{"description":"Original Problems: Mastering Coding Interviews: Pattern-Based Problem Solving","responseLength":22115}}
{"timestamp":"2025-09-12T20:55:51.648Z","level":"INFO","message":"Content aggregation completed","data":{"totalProblems":5,"sources":["freeCodeCamp","leetCode","AI-generated"]}}
{"timestamp":"2025-09-12T20:55:51.654Z","level":"INFO","message":"Starting AI request attempt 1/5","data":{"description":"Module Lessons: Introduction to Pattern-Based Problem Solving & Sliding Window"}}
{"timestamp":"2025-09-12T20:56:13.523Z","level":"INFO","message":"AI request successful on attempt 1","data":{"description":"Module Lessons: Introduction to Pattern-Based Problem Solving & Sliding Window","responseLength":17501}}
{"timestamp":"2025-09-12T20:56:13.525Z","level":"INFO","message":"Starting AI request attempt 1/5","data":{"description":"Practice Exercises: Introduction to Pattern-Based Problem Solving & Sliding Window"}}
{"timestamp":"2025-09-12T20:56:29.506Z","level":"INFO","message":"AI request successful on attempt 1","data":{"description":"Practice Exercises: Introduction to Pattern-Based Problem Solving & Sliding Window","responseLength":10302}}
{"timestamp":"2025-09-12T20:56:29.509Z","level":"WARN","message":"AI request failed on attempt 1/5","data":{"description":"Practice Exercises: Introduction to Pattern-Based Problem Solving & Sliding Window","error":"AI response contained malformed JSON: Unterminated string in JSON at position 577 (line 13 column 26)","type":"MALFORMED_JSON","retryable":false}}
{"timestamp":"2025-09-12T20:56:29.511Z","level":"ERROR","message":"Non-retryable error encountered","data":{"description":"Practice Exercises: Introduction to Pattern-Based Problem Solving & Sliding Window","error":"AI response contained malformed JSON: Unterminated string in JSON at position 577 (line 13 column 26)"}}
{"timestamp":"2025-09-12T20:56:29.539Z","level":"ERROR","message":"Failed to create premium course","data":{"error":"AI response contained malformed JSON: Unterminated string in JSON at position 577 (line 13 column 26)","courseType":"grokking-coding-interview"}}
{"timestamp":"2025-09-12T20:57:33.833Z","level":"INFO","message":"Creating premium course: grokking-coding-interview","data":{"options":{"maxProblems":5,"languages":["javascript","python"],"practiceMode":"guided"}}}
{"timestamp":"2025-09-12T20:57:34.110Z","level":"INFO","message":"Starting AI request attempt 1/5","data":{"description":"Course Structure: Mastering Coding Interviews: Pattern-Based Problem Solving"}}
{"timestamp":"2025-09-12T20:58:03.870Z","level":"INFO","message":"AI request successful on attempt 1","data":{"description":"Course Structure: Mastering Coding Interviews: Pattern-Based Problem Solving","responseLength":24888}}
{"timestamp":"2025-09-12T20:58:03.877Z","level":"INFO","message":"Starting content aggregation for theme: Mastering Coding Interviews: Pattern-Based Problem Solving","data":{"minProblems":3,"maxProblems":5,"difficulty":["easy","medium","hard"],"languages":["javascript","python"]}}
{"timestamp":"2025-09-12T20:58:03.884Z","level":"INFO","message":"Generating original problems with AI","data":{"theme":"Mastering Coding Interviews: Pattern-Based Problem Solving"}}
{"timestamp":"2025-09-12T20:58:03.883Z","level":"INFO","message":"Fetching LeetCode problems","data":{"theme":"Mastering Coding Interviews: Pattern-Based Problem Solving","difficulty":["easy","medium","hard"]}}
{"timestamp":"2025-09-12T20:58:03.887Z","level":"INFO","message":"Starting AI request attempt 1/5","data":{"description":"Original Problems: Mastering Coding Interviews: Pattern-Based Problem Solving"}}
{"timestamp":"2025-09-12T20:58:39.145Z","level":"INFO","message":"AI request successful on attempt 1","data":{"description":"Original Problems: Mastering Coding Interviews: Pattern-Based Problem Solving","responseLength":24442}}
{"timestamp":"2025-09-12T20:58:39.154Z","level":"INFO","message":"Content aggregation completed","data":{"totalProblems":5,"sources":["freeCodeCamp","leetCode","AI-generated"]}}
{"timestamp":"2025-09-12T20:58:39.159Z","level":"INFO","message":"Starting AI request attempt 1/5","data":{"description":"Module Lessons: Introduction to Coding Patterns and Sliding Window"}}
{"timestamp":"2025-09-12T20:58:56.049Z","level":"INFO","message":"AI request successful on attempt 1","data":{"description":"Module Lessons: Introduction to Coding Patterns and Sliding Window","responseLength":12977}}
{"timestamp":"2025-09-12T20:58:56.051Z","level":"INFO","message":"Starting AI request attempt 1/5","data":{"description":"Practice Exercises: Introduction to Coding Patterns and Sliding Window"}}
{"timestamp":"2025-09-12T20:59:05.241Z","level":"INFO","message":"AI request successful on attempt 1","data":{"description":"Practice Exercises: Introduction to Coding Patterns and Sliding Window","responseLength":6921}}
{"timestamp":"2025-09-12T20:59:05.243Z","level":"INFO","message":"Starting AI request attempt 1/5","data":{"description":"Capstone Project: Introduction to Coding Patterns and Sliding Window"}}
{"timestamp":"2025-09-12T20:59:10.233Z","level":"INFO","message":"AI request successful on attempt 1","data":{"description":"Capstone Project: Introduction to Coding Patterns and Sliding Window","responseLength":3034}}
{"timestamp":"2025-09-12T20:59:10.237Z","level":"INFO","message":"Starting AI request attempt 1/5","data":{"description":"Module Lessons: Two Pointers Pattern"}}
{"timestamp":"2025-09-12T20:59:24.796Z","level":"INFO","message":"AI request successful on attempt 1","data":{"description":"Module Lessons: Two Pointers Pattern","responseLength":11702}}
{"timestamp":"2025-09-12T20:59:24.799Z","level":"INFO","message":"Starting AI request attempt 1/5","data":{"description":"Practice Exercises: Two Pointers Pattern"}}
{"timestamp":"2025-09-12T21:01:13.139Z","level":"INFO","message":"Creating premium course: grokking-coding-interview","data":{"options":{"maxProblems":5,"languages":["javascript","python"],"practiceMode":"guided"}}}
{"timestamp":"2025-09-12T21:01:13.444Z","level":"INFO","message":"Starting AI request attempt 1/5","data":{"description":"Course Structure: Mastering Coding Interviews: Pattern-Based Problem Solving"}}
{"timestamp":"2025-09-12T21:01:47.760Z","level":"INFO","message":"AI request successful on attempt 1","data":{"description":"Course Structure: Mastering Coding Interviews: Pattern-Based Problem Solving","responseLength":29268}}
{"timestamp":"2025-09-12T21:01:47.765Z","level":"INFO","message":"Starting content aggregation for theme: Mastering Coding Interviews: Pattern-Based Problem Solving","data":{"minProblems":3,"maxProblems":5,"difficulty":["easy","medium","hard"],"languages":["javascript","python"]}}
{"timestamp":"2025-09-12T21:01:47.771Z","level":"INFO","message":"Generating original problems with AI","data":{"theme":"Mastering Coding Interviews: Pattern-Based Problem Solving"}}
{"timestamp":"2025-09-12T21:01:47.771Z","level":"INFO","message":"Fetching LeetCode problems","data":{"theme":"Mastering Coding Interviews: Pattern-Based Problem Solving","difficulty":["easy","medium","hard"]}}
{"timestamp":"2025-09-12T21:01:47.774Z","level":"INFO","message":"Starting AI request attempt 1/5","data":{"description":"Original Problems: Mastering Coding Interviews: Pattern-Based Problem Solving"}}
{"timestamp":"2025-09-12T21:02:33.046Z","level":"INFO","message":"AI request successful on attempt 1","data":{"description":"Original Problems: Mastering Coding Interviews: Pattern-Based Problem Solving","responseLength":30113}}
{"timestamp":"2025-09-12T21:02:33.054Z","level":"INFO","message":"Content aggregation completed","data":{"totalProblems":5,"sources":["freeCodeCamp","leetCode","AI-generated"]}}
{"timestamp":"2025-09-12T21:02:33.071Z","level":"INFO","message":"Starting AI request attempt 1/5","data":{"description":"Module Lessons: Introduction to Coding Patterns and Sliding Window"}}
{"timestamp":"2025-09-12T21:02:57.216Z","level":"INFO","message":"AI request successful on attempt 1","data":{"description":"Module Lessons: Introduction to Coding Patterns and Sliding Window","responseLength":17879}}
{"timestamp":"2025-09-12T21:02:57.220Z","level":"INFO","message":"Starting AI request attempt 1/5","data":{"description":"Practice Exercises: Introduction to Coding Patterns and Sliding Window"}}
{"timestamp":"2025-09-12T21:03:07.705Z","level":"INFO","message":"AI request successful on attempt 1","data":{"description":"Practice Exercises: Introduction to Coding Patterns and Sliding Window","responseLength":6489}}
{"timestamp":"2025-09-12T21:03:07.707Z","level":"INFO","message":"Starting AI request attempt 1/5","data":{"description":"Capstone Project: Introduction to Coding Patterns and Sliding Window"}}
{"timestamp":"2025-09-12T21:03:10.970Z","level":"INFO","message":"AI request successful on attempt 1","data":{"description":"Capstone Project: Introduction to Coding Patterns and Sliding Window","responseLength":2095}}
{"timestamp":"2025-09-12T21:03:10.974Z","level":"INFO","message":"Starting AI request attempt 1/5","data":{"description":"Module Lessons: Two Pointers and Fast & Slow Pointers"}}
{"timestamp":"2025-09-12T21:03:11.071Z","level":"WARN","message":"AI request failed on attempt 1/5","data":{"description":"Module Lessons: Two Pointers and Fast & Slow Pointers","error":"[GoogleGenerativeAI Error]: Error fetching from https://generativelanguage.googleapis.com/v1beta/models/gemini-2.0-flash-exp:generateContent: [429 Too Many Requests] You exceeded your current quota, please check your plan and billing details. For more information on this error, head to: https://ai.google.dev/gemini-api/docs/rate-limits. [{\"@type\":\"type.googleapis.com/google.rpc.QuotaFailure\",\"violations\":[{\"quotaMetric\":\"generativelanguage.googleapis.com/generate_content_free_tier_requests\",\"quotaId\":\"GenerateRequestsPerDayPerProjectPerModel-FreeTier\",\"quotaDimensions\":{\"location\":\"global\",\"model\":\"gemini-2.0-flash-exp\"},\"quotaValue\":\"50\"}]},{\"@type\":\"type.googleapis.com/google.rpc.Help\",\"links\":[{\"description\":\"Learn more about Gemini API quotas\",\"url\":\"https://ai.google.dev/gemini-api/docs/rate-limits\"}]},{\"@type\":\"type.googleapis.com/google.rpc.RetryInfo\",\"retryDelay\":\"48s\"}]","type":"UNKNOWN","retryable":false}}
{"timestamp":"2025-09-12T21:03:11.076Z","level":"INFO","message":"Waiting 60000ms before retry 2","data":{"description":"Module Lessons: Two Pointers and Fast & Slow Pointers"}}
{"timestamp":"2025-09-12T21:04:11.089Z","level":"INFO","message":"Starting AI request attempt 2/5","data":{"description":"Module Lessons: Two Pointers and Fast & Slow Pointers"}}
{"timestamp":"2025-09-12T21:04:28.947Z","level":"INFO","message":"AI request successful on attempt 2","data":{"description":"Module Lessons: Two Pointers and Fast & Slow Pointers","responseLength":13631}}
{"timestamp":"2025-09-12T21:04:28.949Z","level":"INFO","message":"Starting AI request attempt 1/5","data":{"description":"Practice Exercises: Two Pointers and Fast & Slow Pointers"}}
{"timestamp":"2025-09-12T21:04:29.035Z","level":"WARN","message":"AI request failed on attempt 1/5","data":{"description":"Practice Exercises: Two Pointers and Fast & Slow Pointers","error":"[GoogleGenerativeAI Error]: Error fetching from https://generativelanguage.googleapis.com/v1beta/models/gemini-2.0-flash-exp:generateContent: [429 Too Many Requests] You exceeded your current quota, please check your plan and billing details. For more information on this error, head to: https://ai.google.dev/gemini-api/docs/rate-limits. [{\"@type\":\"type.googleapis.com/google.rpc.QuotaFailure\",\"violations\":[{\"quotaMetric\":\"generativelanguage.googleapis.com/generate_content_free_tier_requests\",\"quotaId\":\"GenerateRequestsPerDayPerProjectPerModel-FreeTier\",\"quotaDimensions\":{\"location\":\"global\",\"model\":\"gemini-2.0-flash-exp\"},\"quotaValue\":\"50\"}]},{\"@type\":\"type.googleapis.com/google.rpc.Help\",\"links\":[{\"description\":\"Learn more about Gemini API quotas\",\"url\":\"https://ai.google.dev/gemini-api/docs/rate-limits\"}]},{\"@type\":\"type.googleapis.com/google.rpc.RetryInfo\",\"retryDelay\":\"30s\"}]","type":"UNKNOWN","retryable":false}}
{"timestamp":"2025-09-12T21:04:29.036Z","level":"INFO","message":"Waiting 60000ms before retry 2","data":{"description":"Practice Exercises: Two Pointers and Fast & Slow Pointers"}}
{"timestamp":"2025-09-12T21:05:29.044Z","level":"INFO","message":"Starting AI request attempt 2/5","data":{"description":"Practice Exercises: Two Pointers and Fast & Slow Pointers"}}
{"timestamp":"2025-09-12T21:05:29.302Z","level":"WARN","message":"AI request failed on attempt 2/5","data":{"description":"Practice Exercises: Two Pointers and Fast & Slow Pointers","error":"[GoogleGenerativeAI Error]: Error fetching from https://generativelanguage.googleapis.com/v1beta/models/gemini-2.0-flash-exp:generateContent: [429 Too Many Requests] You exceeded your current quota, please check your plan and billing details. For more information on this error, head to: https://ai.google.dev/gemini-api/docs/rate-limits. [{\"@type\":\"type.googleapis.com/google.rpc.QuotaFailure\",\"violations\":[{\"quotaMetric\":\"generativelanguage.googleapis.com/generate_content_free_tier_requests\",\"quotaId\":\"GenerateRequestsPerDayPerProjectPerModel-FreeTier\",\"quotaDimensions\":{\"location\":\"global\",\"model\":\"gemini-2.0-flash-exp\"},\"quotaValue\":\"50\"}]},{\"@type\":\"type.googleapis.com/google.rpc.Help\",\"links\":[{\"description\":\"Learn more about Gemini API quotas\",\"url\":\"https://ai.google.dev/gemini-api/docs/rate-limits\"}]},{\"@type\":\"type.googleapis.com/google.rpc.RetryInfo\",\"retryDelay\":\"30s\"}]","type":"UNKNOWN","retryable":false}}
{"timestamp":"2025-09-12T21:05:29.304Z","level":"INFO","message":"Waiting 60000ms before retry 3","data":{"description":"Practice Exercises: Two Pointers and Fast & Slow Pointers"}}
{"timestamp":"2025-09-12T21:07:25.091Z","level":"INFO","message":"Creating premium course: grokking-coding-interview","data":{"options":{"maxProblems":3,"languages":["javascript","python"],"practiceMode":"guided"}}}
{"timestamp":"2025-09-12T21:07:25.103Z","level":"INFO","message":"Starting AI request attempt 1/5","data":{"description":"Course Structure: Mastering Coding Interviews: Pattern-Based Problem Solving"}}
{"timestamp":"2025-09-12T21:07:25.411Z","level":"WARN","message":"AI request failed on attempt 1/5","data":{"description":"Course Structure: Mastering Coding Interviews: Pattern-Based Problem Solving","error":"[GoogleGenerativeAI Error]: Error fetching from https://generativelanguage.googleapis.com/v1beta/models/gemini-2.0-flash-exp:generateContent: [429 Too Many Requests] You exceeded your current quota, please check your plan and billing details. For more information on this error, head to: https://ai.google.dev/gemini-api/docs/rate-limits. [{\"@type\":\"type.googleapis.com/google.rpc.QuotaFailure\",\"violations\":[{\"quotaMetric\":\"generativelanguage.googleapis.com/generate_content_free_tier_requests\",\"quotaId\":\"GenerateRequestsPerDayPerProjectPerModel-FreeTier\",\"quotaDimensions\":{\"location\":\"global\",\"model\":\"gemini-2.0-flash-exp\"},\"quotaValue\":\"50\"}]},{\"@type\":\"type.googleapis.com/google.rpc.Help\",\"links\":[{\"description\":\"Learn more about Gemini API quotas\",\"url\":\"https://ai.google.dev/gemini-api/docs/rate-limits\"}]},{\"@type\":\"type.googleapis.com/google.rpc.RetryInfo\",\"retryDelay\":\"34s\"}]","type":"UNKNOWN","retryable":false}}
{"timestamp":"2025-09-12T21:07:25.414Z","level":"INFO","message":"Waiting 60000ms before retry 2","data":{"description":"Course Structure: Mastering Coding Interviews: Pattern-Based Problem Solving"}}
{"timestamp":"2025-09-12T21:08:09.364Z","level":"INFO","message":"Creating premium course: grokking-coding-interview","data":{"options":{"maxProblems":2,"languages":["javascript","python"],"practiceMode":"guided"}}}
{"timestamp":"2025-09-12T21:08:09.371Z","level":"INFO","message":"Starting AI request attempt 1/5","data":{"description":"Course Structure: Mastering Coding Interviews: Pattern-Based Problem Solving"}}
{"timestamp":"2025-09-12T21:08:09.659Z","level":"WARN","message":"AI request failed on attempt 1/5","data":{"description":"Course Structure: Mastering Coding Interviews: Pattern-Based Problem Solving","error":"[GoogleGenerativeAI Error]: Error fetching from https://generativelanguage.googleapis.com/v1beta/models/gemini-2.0-flash-exp:generateContent: [429 Too Many Requests] You exceeded your current quota, please check your plan and billing details. For more information on this error, head to: https://ai.google.dev/gemini-api/docs/rate-limits. [{\"@type\":\"type.googleapis.com/google.rpc.QuotaFailure\",\"violations\":[{\"quotaMetric\":\"generativelanguage.googleapis.com/generate_content_free_tier_requests\",\"quotaId\":\"GenerateRequestsPerDayPerProjectPerModel-FreeTier\",\"quotaDimensions\":{\"model\":\"gemini-2.0-flash-exp\",\"location\":\"global\"},\"quotaValue\":\"50\"}]},{\"@type\":\"type.googleapis.com/google.rpc.Help\",\"links\":[{\"description\":\"Learn more about Gemini API quotas\",\"url\":\"https://ai.google.dev/gemini-api/docs/rate-limits\"}]},{\"@type\":\"type.googleapis.com/google.rpc.RetryInfo\",\"retryDelay\":\"50s\"}]","type":"UNKNOWN","retryable":false}}
{"timestamp":"2025-09-12T21:08:09.662Z","level":"INFO","message":"Waiting 60000ms before retry 2","data":{"description":"Course Structure: Mastering Coding Interviews: Pattern-Based Problem Solving"}}
{"timestamp":"2025-09-12T21:08:25.428Z","level":"INFO","message":"Starting AI request attempt 2/5","data":{"description":"Course Structure: Mastering Coding Interviews: Pattern-Based Problem Solving"}}
{"timestamp":"2025-09-12T21:08:25.557Z","level":"WARN","message":"AI request failed on attempt 2/5","data":{"description":"Course Structure: Mastering Coding Interviews: Pattern-Based Problem Solving","error":"[GoogleGenerativeAI Error]: Error fetching from https://generativelanguage.googleapis.com/v1beta/models/gemini-2.0-flash-exp:generateContent: [429 Too Many Requests] You exceeded your current quota, please check your plan and billing details. For more information on this error, head to: https://ai.google.dev/gemini-api/docs/rate-limits. [{\"@type\":\"type.googleapis.com/google.rpc.QuotaFailure\",\"violations\":[{\"quotaMetric\":\"generativelanguage.googleapis.com/generate_content_free_tier_requests\",\"quotaId\":\"GenerateRequestsPerDayPerProjectPerModel-FreeTier\",\"quotaDimensions\":{\"location\":\"global\",\"model\":\"gemini-2.0-flash-exp\"},\"quotaValue\":\"50\"}]},{\"@type\":\"type.googleapis.com/google.rpc.Help\",\"links\":[{\"description\":\"Learn more about Gemini API quotas\",\"url\":\"https://ai.google.dev/gemini-api/docs/rate-limits\"}]},{\"@type\":\"type.googleapis.com/google.rpc.RetryInfo\",\"retryDelay\":\"34s\"}]","type":"UNKNOWN","retryable":false}}
{"timestamp":"2025-09-12T21:08:25.559Z","level":"INFO","message":"Waiting 60000ms before retry 3","data":{"description":"Course Structure: Mastering Coding Interviews: Pattern-Based Problem Solving"}}
{"timestamp":"2025-09-12T21:09:09.675Z","level":"INFO","message":"Starting AI request attempt 2/5","data":{"description":"Course Structure: Mastering Coding Interviews: Pattern-Based Problem Solving"}}
{"timestamp":"2025-09-12T21:09:09.817Z","level":"WARN","message":"AI request failed on attempt 2/5","data":{"description":"Course Structure: Mastering Coding Interviews: Pattern-Based Problem Solving","error":"[GoogleGenerativeAI Error]: Error fetching from https://generativelanguage.googleapis.com/v1beta/models/gemini-2.0-flash-exp:generateContent: [429 Too Many Requests] You exceeded your current quota, please check your plan and billing details. For more information on this error, head to: https://ai.google.dev/gemini-api/docs/rate-limits. [{\"@type\":\"type.googleapis.com/google.rpc.QuotaFailure\",\"violations\":[{\"quotaMetric\":\"generativelanguage.googleapis.com/generate_content_free_tier_requests\",\"quotaId\":\"GenerateRequestsPerDayPerProjectPerModel-FreeTier\",\"quotaDimensions\":{\"location\":\"global\",\"model\":\"gemini-2.0-flash-exp\"},\"quotaValue\":\"50\"}]},{\"@type\":\"type.googleapis.com/google.rpc.Help\",\"links\":[{\"description\":\"Learn more about Gemini API quotas\",\"url\":\"https://ai.google.dev/gemini-api/docs/rate-limits\"}]},{\"@type\":\"type.googleapis.com/google.rpc.RetryInfo\",\"retryDelay\":\"50s\"}]","type":"UNKNOWN","retryable":false}}
{"timestamp":"2025-09-12T21:09:09.822Z","level":"INFO","message":"Waiting 60000ms before retry 3","data":{"description":"Course Structure: Mastering Coding Interviews: Pattern-Based Problem Solving"}}
{"timestamp":"2025-09-12T21:09:25.575Z","level":"INFO","message":"Starting AI request attempt 3/5","data":{"description":"Course Structure: Mastering Coding Interviews: Pattern-Based Problem Solving"}}
{"timestamp":"2025-09-12T21:09:25.704Z","level":"WARN","message":"AI request failed on attempt 3/5","data":{"description":"Course Structure: Mastering Coding Interviews: Pattern-Based Problem Solving","error":"[GoogleGenerativeAI Error]: Error fetching from https://generativelanguage.googleapis.com/v1beta/models/gemini-2.0-flash-exp:generateContent: [429 Too Many Requests] You exceeded your current quota, please check your plan and billing details. For more information on this error, head to: https://ai.google.dev/gemini-api/docs/rate-limits. [{\"@type\":\"type.googleapis.com/google.rpc.QuotaFailure\",\"violations\":[{\"quotaMetric\":\"generativelanguage.googleapis.com/generate_content_free_tier_requests\",\"quotaId\":\"GenerateRequestsPerDayPerProjectPerModel-FreeTier\",\"quotaDimensions\":{\"model\":\"gemini-2.0-flash-exp\",\"location\":\"global\"},\"quotaValue\":\"50\"}]},{\"@type\":\"type.googleapis.com/google.rpc.Help\",\"links\":[{\"description\":\"Learn more about Gemini API quotas\",\"url\":\"https://ai.google.dev/gemini-api/docs/rate-limits\"}]},{\"@type\":\"type.googleapis.com/google.rpc.RetryInfo\",\"retryDelay\":\"34s\"}]","type":"UNKNOWN","retryable":false}}
{"timestamp":"2025-09-12T21:09:25.707Z","level":"INFO","message":"Waiting 60000ms before retry 4","data":{"description":"Course Structure: Mastering Coding Interviews: Pattern-Based Problem Solving"}}
{"timestamp":"2025-09-12T21:09:56.612Z","level":"INFO","message":"Creating premium course: grokking-coding-interview","data":{"options":{"maxProblems":2,"languages":["javascript","python"],"practiceMode":"guided"}}}
{"timestamp":"2025-09-12T21:09:56.619Z","level":"INFO","message":"Starting AI request attempt 1/5","data":{"description":"Course Structure: Mastering Coding Interviews: Pattern-Based Problem Solving"}}
{"timestamp":"2025-09-12T21:09:56.835Z","level":"WARN","message":"AI request failed on attempt 1/5","data":{"description":"Course Structure: Mastering Coding Interviews: Pattern-Based Problem Solving","error":"[GoogleGenerativeAI Error]: Error fetching from https://generativelanguage.googleapis.com/v1beta/models/gemini-2.0-flash-exp:generateContent: [429 Too Many Requests] You exceeded your current quota, please check your plan and billing details. For more information on this error, head to: https://ai.google.dev/gemini-api/docs/rate-limits. [{\"@type\":\"type.googleapis.com/google.rpc.QuotaFailure\",\"violations\":[{\"quotaMetric\":\"generativelanguage.googleapis.com/generate_content_free_tier_requests\",\"quotaId\":\"GenerateRequestsPerDayPerProjectPerModel-FreeTier\",\"quotaDimensions\":{\"location\":\"global\",\"model\":\"gemini-2.0-flash-exp\"},\"quotaValue\":\"50\"}]},{\"@type\":\"type.googleapis.com/google.rpc.Help\",\"links\":[{\"description\":\"Learn more about Gemini API quotas\",\"url\":\"https://ai.google.dev/gemini-api/docs/rate-limits\"}]},{\"@type\":\"type.googleapis.com/google.rpc.RetryInfo\",\"retryDelay\":\"3s\"}]","type":"UNKNOWN","retryable":false}}
{"timestamp":"2025-09-12T21:09:56.838Z","level":"INFO","message":"Waiting 60000ms before retry 2","data":{"description":"Course Structure: Mastering Coding Interviews: Pattern-Based Problem Solving"}}
{"timestamp":"2025-09-12T21:10:56.848Z","level":"INFO","message":"Starting AI request attempt 2/5","data":{"description":"Course Structure: Mastering Coding Interviews: Pattern-Based Problem Solving"}}
{"timestamp":"2025-09-12T21:10:57.010Z","level":"WARN","message":"AI request failed on attempt 2/5","data":{"description":"Course Structure: Mastering Coding Interviews: Pattern-Based Problem Solving","error":"[GoogleGenerativeAI Error]: Error fetching from https://generativelanguage.googleapis.com/v1beta/models/gemini-2.0-flash-exp:generateContent: [429 Too Many Requests] You exceeded your current quota, please check your plan and billing details. For more information on this error, head to: https://ai.google.dev/gemini-api/docs/rate-limits. [{\"@type\":\"type.googleapis.com/google.rpc.QuotaFailure\",\"violations\":[{\"quotaMetric\":\"generativelanguage.googleapis.com/generate_content_free_tier_requests\",\"quotaId\":\"GenerateRequestsPerDayPerProjectPerModel-FreeTier\",\"quotaDimensions\":{\"model\":\"gemini-2.0-flash-exp\",\"location\":\"global\"},\"quotaValue\":\"50\"}]},{\"@type\":\"type.googleapis.com/google.rpc.Help\",\"links\":[{\"description\":\"Learn more about Gemini API quotas\",\"url\":\"https://ai.google.dev/gemini-api/docs/rate-limits\"}]},{\"@type\":\"type.googleapis.com/google.rpc.RetryInfo\",\"retryDelay\":\"2s\"}]","type":"UNKNOWN","retryable":false}}
{"timestamp":"2025-09-12T21:10:57.017Z","level":"INFO","message":"Waiting 60000ms before retry 3","data":{"description":"Course Structure: Mastering Coding Interviews: Pattern-Based Problem Solving"}}
{"timestamp":"2025-09-12T21:11:57.027Z","level":"INFO","message":"Starting AI request attempt 3/5","data":{"description":"Course Structure: Mastering Coding Interviews: Pattern-Based Problem Solving"}}
{"timestamp":"2025-09-12T21:11:57.206Z","level":"WARN","message":"AI request failed on attempt 3/5","data":{"description":"Course Structure: Mastering Coding Interviews: Pattern-Based Problem Solving","error":"[GoogleGenerativeAI Error]: Error fetching from https://generativelanguage.googleapis.com/v1beta/models/gemini-2.0-flash-exp:generateContent: [429 Too Many Requests] You exceeded your current quota, please check your plan and billing details. For more information on this error, head to: https://ai.google.dev/gemini-api/docs/rate-limits. [{\"@type\":\"type.googleapis.com/google.rpc.QuotaFailure\",\"violations\":[{\"quotaMetric\":\"generativelanguage.googleapis.com/generate_content_free_tier_requests\",\"quotaId\":\"GenerateRequestsPerDayPerProjectPerModel-FreeTier\",\"quotaDimensions\":{\"model\":\"gemini-2.0-flash-exp\",\"location\":\"global\"},\"quotaValue\":\"50\"}]},{\"@type\":\"type.googleapis.com/google.rpc.Help\",\"links\":[{\"description\":\"Learn more about Gemini API quotas\",\"url\":\"https://ai.google.dev/gemini-api/docs/rate-limits\"}]},{\"@type\":\"type.googleapis.com/google.rpc.RetryInfo\",\"retryDelay\":\"2s\"}]","type":"UNKNOWN","retryable":false}}
{"timestamp":"2025-09-12T21:11:57.210Z","level":"INFO","message":"Waiting 60000ms before retry 4","data":{"description":"Course Structure: Mastering Coding Interviews: Pattern-Based Problem Solving"}}
{"timestamp":"2025-09-12T21:21:04.503Z","level":"INFO","message":"Starting AI request attempt 1/3","data":{"description":"Claude API Test"}}
{"timestamp":"2025-09-12T21:21:04.821Z","level":"WARN","message":"AI request failed on attempt 1/3","data":{"description":"Claude API Test","error":"404 {\"type\":\"error\",\"error\":{\"type\":\"not_found_error\",\"message\":\"model: claude-3-5-sonnet-20241022\"},\"request_id\":\"req_011CT5CxYbM4VNwPz4xSyL9x\"}","type":"UNKNOWN","retryable":false}}
{"timestamp":"2025-09-12T21:21:04.825Z","level":"ERROR","message":"Non-retryable error encountered","data":{"description":"Claude API Test","error":"404 {\"type\":\"error\",\"error\":{\"type\":\"not_found_error\",\"message\":\"model: claude-3-5-sonnet-20241022\"},\"request_id\":\"req_011CT5CxYbM4VNwPz4xSyL9x\"}"}}
{"timestamp":"2025-09-12T21:21:50.592Z","level":"INFO","message":"Starting AI request attempt 1/3","data":{"description":"Claude API Test"}}
{"timestamp":"2025-09-12T21:21:50.838Z","level":"WARN","message":"AI request failed on attempt 1/3","data":{"description":"Claude API Test","error":"404 {\"type\":\"error\",\"error\":{\"type\":\"not_found_error\",\"message\":\"model: claude-3-5-sonnet-latest\"},\"request_id\":\"req_011CT5D1wLA7uTQN7f5b1mwH\"}","type":"UNKNOWN","retryable":false}}
{"timestamp":"2025-09-12T21:21:50.841Z","level":"ERROR","message":"Non-retryable error encountered","data":{"description":"Claude API Test","error":"404 {\"type\":\"error\",\"error\":{\"type\":\"not_found_error\",\"message\":\"model: claude-3-5-sonnet-latest\"},\"request_id\":\"req_011CT5D1wLA7uTQN7f5b1mwH\"}"}}
{"timestamp":"2025-09-12T21:22:03.674Z","level":"INFO","message":"Starting AI request attempt 1/3","data":{"description":"Claude API Test"}}
{"timestamp":"2025-09-12T21:22:03.951Z","level":"WARN","message":"AI request failed on attempt 1/3","data":{"description":"Claude API Test","error":"404 {\"type\":\"error\",\"error\":{\"type\":\"not_found_error\",\"message\":\"model: claude-3-5-sonnet-20241022\"},\"request_id\":\"req_011CT5D2uJtc58d6TdqQmFDz\"}","type":"UNKNOWN","retryable":false}}
{"timestamp":"2025-09-12T21:22:03.953Z","level":"ERROR","message":"Non-retryable error encountered","data":{"description":"Claude API Test","error":"404 {\"type\":\"error\",\"error\":{\"type\":\"not_found_error\",\"message\":\"model: claude-3-5-sonnet-20241022\"},\"request_id\":\"req_011CT5D2uJtc58d6TdqQmFDz\"}"}}
{"timestamp":"2025-09-12T21:23:09.356Z","level":"INFO","message":"Starting AI request attempt 1/3","data":{"description":"Claude API Test"}}
{"timestamp":"2025-09-12T21:23:09.563Z","level":"WARN","message":"AI request failed on attempt 1/3","data":{"description":"Claude API Test","error":"404 {\"type\":\"error\",\"error\":{\"type\":\"not_found_error\",\"message\":\"model: claude-3-5-sonnet-20240620\"},\"request_id\":\"req_011CT5D7jwUJMhPVaqDs3LMT\"}","type":"UNKNOWN","retryable":false}}
{"timestamp":"2025-09-12T21:23:09.566Z","level":"ERROR","message":"Non-retryable error encountered","data":{"description":"Claude API Test","error":"404 {\"type\":\"error\",\"error\":{\"type\":\"not_found_error\",\"message\":\"model: claude-3-5-sonnet-20240620\"},\"request_id\":\"req_011CT5D7jwUJMhPVaqDs3LMT\"}"}}
{"timestamp":"2025-09-12T21:23:44.513Z","level":"INFO","message":"Starting AI request attempt 1/3","data":{"description":"Claude API Test"}}
{"timestamp":"2025-09-12T21:23:45.400Z","level":"INFO","message":"AI request successful on attempt 1","data":{"description":"Claude API Test","responseLength":130}}
{"timestamp":"2025-09-12T21:23:53.390Z","level":"INFO","message":"Creating premium course: grokking-coding-interview","data":{"options":{"maxProblems":3,"languages":["javascript","python"],"practiceMode":"guided"}}}
{"timestamp":"2025-09-12T21:23:53.396Z","level":"INFO","message":"Starting AI request attempt 1/5","data":{"description":"Course Structure: Mastering Coding Interviews: Pattern-Based Problem Solving"}}
{"timestamp":"2025-09-12T21:24:15.092Z","level":"INFO","message":"AI request successful on attempt 1","data":{"description":"Course Structure: Mastering Coding Interviews: Pattern-Based Problem Solving","responseLength":15296}}
{"timestamp":"2025-09-12T21:24:15.096Z","level":"INFO","message":"Starting content aggregation for theme: Mastering Coding Interviews: Pattern-Based Problem Solving","data":{"minProblems":1,"maxProblems":3,"difficulty":["easy","medium","hard"],"languages":["javascript","python"]}}
{"timestamp":"2025-09-12T21:24:15.100Z","level":"INFO","message":"Fetching LeetCode problems","data":{"theme":"Mastering Coding Interviews: Pattern-Based Problem Solving","difficulty":["easy","medium","hard"]}}
{"timestamp":"2025-09-12T21:24:15.100Z","level":"INFO","message":"Generating original problems with AI","data":{"theme":"Mastering Coding Interviews: Pattern-Based Problem Solving"}}
{"timestamp":"2025-09-12T21:24:15.103Z","level":"INFO","message":"Starting AI request attempt 1/5","data":{"description":"Original Problems: Mastering Coding Interviews: Pattern-Based Problem Solving"}}
{"timestamp":"2025-09-12T21:24:41.555Z","level":"INFO","message":"AI request successful on attempt 1","data":{"description":"Original Problems: Mastering Coding Interviews: Pattern-Based Problem Solving","responseLength":17044}}
{"timestamp":"2025-09-12T21:24:41.561Z","level":"WARN","message":"AI request failed on attempt 1/5","data":{"description":"Original Problems: Mastering Coding Interviews: Pattern-Based Problem Solving","error":"AI response contained malformed JSON: Expected double-quoted property name in JSON at position 14968 (line 270 column 39)","type":"MALFORMED_JSON","retryable":false}}
{"timestamp":"2025-09-12T21:24:41.564Z","level":"ERROR","message":"Non-retryable error encountered","data":{"description":"Original Problems: Mastering Coding Interviews: Pattern-Based Problem Solving","error":"AI response contained malformed JSON: Expected double-quoted property name in JSON at position 14968 (line 270 column 39)"}}
{"timestamp":"2025-09-12T21:24:41.566Z","level":"WARN","message":"Failed to generate original problems","data":{"error":"AI response contained malformed JSON: Expected double-quoted property name in JSON at position 14968 (line 270 column 39)"}}
{"timestamp":"2025-09-12T21:24:41.568Z","level":"INFO","message":"Content aggregation completed","data":{"totalProblems":2,"sources":["freeCodeCamp","leetCode","AI-generated"]}}
{"timestamp":"2025-09-12T21:24:41.570Z","level":"INFO","message":"Starting AI request attempt 1/5","data":{"description":"Module Lessons: Introduction to Coding Patterns"}}
{"timestamp":"2025-09-12T21:24:57.730Z","level":"INFO","message":"AI request successful on attempt 1","data":{"description":"Module Lessons: Introduction to Coding Patterns","responseLength":10163}}
{"timestamp":"2025-09-12T21:24:57.733Z","level":"INFO","message":"Starting AI request attempt 1/5","data":{"description":"Practice Exercises: Introduction to Coding Patterns"}}
{"timestamp":"2025-09-12T21:25:07.214Z","level":"INFO","message":"AI request successful on attempt 1","data":{"description":"Practice Exercises: Introduction to Coding Patterns","responseLength":5923}}
{"timestamp":"2025-09-12T21:25:07.218Z","level":"INFO","message":"Starting AI request attempt 1/5","data":{"description":"Capstone Project: Introduction to Coding Patterns"}}
{"timestamp":"2025-09-12T21:25:09.692Z","level":"INFO","message":"AI request successful on attempt 1","data":{"description":"Capstone Project: Introduction to Coding Patterns","responseLength":1497}}
{"timestamp":"2025-09-12T21:25:09.695Z","level":"INFO","message":"Starting AI request attempt 1/5","data":{"description":"Module Lessons: Fast and Slow Pointers"}}
{"timestamp":"2025-09-12T21:25:23.747Z","level":"INFO","message":"AI request successful on attempt 1","data":{"description":"Module Lessons: Fast and Slow Pointers","responseLength":9822}}
{"timestamp":"2025-09-12T21:25:23.750Z","level":"INFO","message":"Starting AI request attempt 1/5","data":{"description":"Practice Exercises: Fast and Slow Pointers"}}
{"timestamp":"2025-09-12T21:25:31.740Z","level":"INFO","message":"AI request successful on attempt 1","data":{"description":"Practice Exercises: Fast and Slow Pointers","responseLength":4967}}
{"timestamp":"2025-09-12T21:25:31.744Z","level":"INFO","message":"Starting AI request attempt 1/5","data":{"description":"Capstone Project: Fast and Slow Pointers"}}
{"timestamp":"2025-09-12T21:25:33.496Z","level":"INFO","message":"AI request successful on attempt 1","data":{"description":"Capstone Project: Fast and Slow Pointers","responseLength":974}}
{"timestamp":"2025-09-12T21:25:33.498Z","level":"INFO","message":"Starting AI request attempt 1/5","data":{"description":"Module Lessons: Merge Intervals and Cyclic Sort"}}
{"timestamp":"2025-09-12T21:25:43.349Z","level":"INFO","message":"AI request successful on attempt 1","data":{"description":"Module Lessons: Merge Intervals and Cyclic Sort","responseLength":7031}}
{"timestamp":"2025-09-12T21:25:43.351Z","level":"INFO","message":"Starting AI request attempt 1/5","data":{"description":"Practice Exercises: Merge Intervals and Cyclic Sort"}}
{"timestamp":"2025-09-12T21:25:48.413Z","level":"INFO","message":"AI request successful on attempt 1","data":{"description":"Practice Exercises: Merge Intervals and Cyclic Sort","responseLength":3410}}
{"timestamp":"2025-09-12T21:25:48.415Z","level":"WARN","message":"AI request failed on attempt 1/5","data":{"description":"Practice Exercises: Merge Intervals and Cyclic Sort","error":"AI returned code instead of JSON. Please adjust prompt to request JSON format only.","type":"CODE_INSTEAD_OF_JSON","retryable":false}}
{"timestamp":"2025-09-12T21:25:48.417Z","level":"ERROR","message":"Non-retryable error encountered","data":{"description":"Practice Exercises: Merge Intervals and Cyclic Sort","error":"AI returned code instead of JSON. Please adjust prompt to request JSON format only."}}
{"timestamp":"2025-09-12T21:26:20.172Z","level":"INFO","message":"Creating premium course: grokking-coding-interview","data":{"options":{"maxProblems":5,"languages":["javascript","python"],"practiceMode":"guided"}}}
{"timestamp":"2025-09-12T21:26:20.177Z","level":"INFO","message":"Starting AI request attempt 1/5","data":{"description":"Course Structure: Mastering Coding Interviews: Pattern-Based Problem Solving"}}
{"timestamp":"2025-09-12T21:26:49.872Z","level":"INFO","message":"AI request successful on attempt 1","data":{"description":"Course Structure: Mastering Coding Interviews: Pattern-Based Problem Solving","responseLength":18947}}
{"timestamp":"2025-09-12T21:26:49.882Z","level":"WARN","message":"AI request failed on attempt 1/5","data":{"description":"Course Structure: Mastering Coding Interviews: Pattern-Based Problem Solving","error":"AI response contained malformed JSON: Expected ',' or ']' after array element in JSON at position 18283 (line 171 column 10)","type":"MALFORMED_JSON","retryable":false}}
{"timestamp":"2025-09-12T21:26:49.885Z","level":"ERROR","message":"Non-retryable error encountered","data":{"description":"Course Structure: Mastering Coding Interviews: Pattern-Based Problem Solving","error":"AI response contained malformed JSON: Expected ',' or ']' after array element in JSON at position 18283 (line 171 column 10)"}}
{"timestamp":"2025-09-12T21:29:36.320Z","level":"INFO","message":"Starting AI request attempt 1/2","data":{"description":"Basic AI Test"}}
{"timestamp":"2025-09-12T21:29:36.999Z","level":"INFO","message":"AI request successful on attempt 1","data":{"description":"Basic AI Test","responseLength":85}}
{"timestamp":"2025-09-12T21:29:37.886Z","level":"INFO","message":"Starting AI supervision for session test-session"}
{"timestamp":"2025-09-12T21:29:37.888Z","level":"INFO","message":"Starting AI request attempt 1/5","data":{"description":"Session Strategy: test-session"}}
{"timestamp":"2025-09-12T21:29:41.637Z","level":"INFO","message":"AI request successful on attempt 1","data":{"description":"Session Strategy: test-session","responseLength":2630}}
{"timestamp":"2025-09-12T21:29:58.698Z","level":"INFO","message":"Starting smart course generation from FreeCodeCamp solutions","data":{"targetLanguage":"javascript","maxCourses":1,"difficulty":"easy","focusAreas":["functions"]}}
{"timestamp":"2025-09-12T21:29:59.070Z","level":"INFO","message":"Fetched 72 enriched lessons for analysis"}
{"timestamp":"2025-09-12T21:29:59.074Z","level":"INFO","message":"Starting AI request attempt 1/5","data":{"description":"FreeCodeCamp Lessons Analysis"}}
{"timestamp":"2025-09-12T21:30:12.041Z","level":"INFO","message":"AI request successful on attempt 1","data":{"description":"FreeCodeCamp Lessons Analysis","responseLength":8110}}
{"timestamp":"2025-09-12T21:30:12.048Z","level":"INFO","message":"AI analysis completed","data":{"coursesIdentified":4,"themes":["Fundamentals of Functional Programming","Number Theory and Divisor Functions","Recursion and Sequence Generation","Modular Functions and Constraint Counting"]}}
{"timestamp":"2025-09-12T21:30:12.051Z","level":"INFO","message":"Generating course: Fundamentals of Functional Programming"}
{"timestamp":"2025-09-12T21:30:12.064Z","level":"INFO","message":"Starting AI request attempt 1/5","data":{"description":"Course Generation: Fundamentals of Functional Programming"}}
{"timestamp":"2025-09-12T21:30:41.812Z","level":"INFO","message":"AI request successful on attempt 1","data":{"description":"Course Generation: Fundamentals of Functional Programming","responseLength":21003}}
{"timestamp":"2025-09-12T21:31:06.186Z","level":"INFO","message":"Creating premium course: grokking-coding-interview","data":{"options":{"maxProblems":2,"languages":["javascript","python"],"practiceMode":"guided"}}}
{"timestamp":"2025-09-12T21:31:06.194Z","level":"INFO","message":"Starting AI request attempt 1/5","data":{"description":"Course Structure: Mastering Coding Interviews: Pattern-Based Problem Solving"}}
{"timestamp":"2025-09-12T21:31:32.481Z","level":"INFO","message":"AI request successful on attempt 1","data":{"description":"Course Structure: Mastering Coding Interviews: Pattern-Based Problem Solving","responseLength":18513}}
{"timestamp":"2025-09-12T21:31:32.795Z","level":"WARN","message":"AI request failed on attempt 1/5","data":{"description":"Course Structure: Mastering Coding Interviews: Pattern-Based Problem Solving","error":"AI response contained malformed JSON after all sanitization attempts: Expected ',' or ']' after array element in JSON at position 16794 (line 1 column 16795)","type":"MALFORMED_JSON","retryable":false}}
{"timestamp":"2025-09-12T21:31:32.843Z","level":"ERROR","message":"Non-retryable error encountered","data":{"description":"Course Structure: Mastering Coding Interviews: Pattern-Based Problem Solving","error":"AI response contained malformed JSON after all sanitization attempts: Expected ',' or ']' after array element in JSON at position 16794 (line 1 column 16795)"}}
{"timestamp":"2025-09-12T21:37:25.950Z","level":"INFO","message":"Creating premium course: grokking-coding-interview","data":{"options":{"maxProblems":10,"languages":["javascript","python"],"practiceMode":"guided"}}}
{"timestamp":"2025-09-12T21:37:25.960Z","level":"INFO","message":"Starting AI request attempt 1/5","data":{"description":"Course Structure: Mastering Coding Interviews: Pattern-Based Problem Solving"}}
{"timestamp":"2025-09-12T21:37:51.435Z","level":"INFO","message":"AI request successful on attempt 1","data":{"description":"Course Structure: Mastering Coding Interviews: Pattern-Based Problem Solving","responseLength":19117}}
{"timestamp":"2025-09-12T21:37:51.461Z","level":"WARN","message":"AI request failed on attempt 1/5","data":{"description":"Course Structure: Mastering Coding Interviews: Pattern-Based Problem Solving","error":"AI response contained malformed JSON after all sanitization attempts: Expected ',' or ']' after array element in JSON at position 17763 (line 1 column 17764)","type":"MALFORMED_JSON","retryable":false}}
{"timestamp":"2025-09-12T21:37:51.463Z","level":"ERROR","message":"Non-retryable error encountered","data":{"description":"Course Structure: Mastering Coding Interviews: Pattern-Based Problem Solving","error":"AI response contained malformed JSON after all sanitization attempts: Expected ',' or ']' after array element in JSON at position 17763 (line 1 column 17764)"}}
{"timestamp":"2025-09-12T21:39:17.234Z","level":"INFO","message":"Creating premium course: grokking-coding-interview","data":{"options":{"maxProblems":10,"languages":["javascript","python"],"practiceMode":"guided"}}}
{"timestamp":"2025-09-12T21:39:17.240Z","level":"INFO","message":"Starting AI request attempt 1/5","data":{"description":"Course Structure: Mastering Coding Interviews: Pattern-Based Problem Solving"}}
{"timestamp":"2025-09-12T21:39:27.064Z","level":"INFO","message":"AI request successful on attempt 1","data":{"description":"Course Structure: Mastering Coding Interviews: Pattern-Based Problem Solving","responseLength":5487}}
{"timestamp":"2025-09-12T21:39:27.073Z","level":"INFO","message":"Starting content aggregation for theme: Mastering Coding Interviews: Pattern-Based Problem Solving","data":{"minProblems":6,"maxProblems":10,"difficulty":["easy","medium","hard"],"languages":["javascript","python"]}}
{"timestamp":"2025-09-12T21:39:27.078Z","level":"INFO","message":"Fetching LeetCode problems","data":{"theme":"Mastering Coding Interviews: Pattern-Based Problem Solving","difficulty":["easy","medium","hard"]}}
{"timestamp":"2025-09-12T21:39:27.078Z","level":"INFO","message":"Generating original problems with AI","data":{"theme":"Mastering Coding Interviews: Pattern-Based Problem Solving"}}
{"timestamp":"2025-09-12T21:39:27.086Z","level":"INFO","message":"Starting AI request attempt 1/5","data":{"description":"Original Problems: Mastering Coding Interviews: Pattern-Based Problem Solving"}}
{"timestamp":"2025-09-12T21:39:54.813Z","level":"INFO","message":"AI request successful on attempt 1","data":{"description":"Original Problems: Mastering Coding Interviews: Pattern-Based Problem Solving","responseLength":16902}}
{"timestamp":"2025-09-12T21:39:54.848Z","level":"WARN","message":"AI request failed on attempt 1/5","data":{"description":"Original Problems: Mastering Coding Interviews: Pattern-Based Problem Solving","error":"AI response contained malformed JSON after all sanitization attempts: Expected ',' or ']' after array element in JSON at position 15836 (line 1 column 15837)","type":"MALFORMED_JSON","retryable":false}}
{"timestamp":"2025-09-12T21:39:54.854Z","level":"ERROR","message":"Non-retryable error encountered","data":{"description":"Original Problems: Mastering Coding Interviews: Pattern-Based Problem Solving","error":"AI response contained malformed JSON after all sanitization attempts: Expected ',' or ']' after array element in JSON at position 15836 (line 1 column 15837)"}}
{"timestamp":"2025-09-12T21:39:54.857Z","level":"WARN","message":"Failed to generate original problems","data":{"error":"AI response contained malformed JSON after all sanitization attempts: Expected ',' or ']' after array element in JSON at position 15836 (line 1 column 15837)"}}
{"timestamp":"2025-09-12T21:39:54.860Z","level":"INFO","message":"Starting AI request attempt 1/5","data":{"description":"Problem Variations (4)"}}
{"timestamp":"2025-09-12T21:40:01.017Z","level":"INFO","message":"AI request successful on attempt 1","data":{"description":"Problem Variations (4)","responseLength":3067}}
{"timestamp":"2025-09-12T21:40:01.024Z","level":"INFO","message":"Content aggregation completed","data":{"totalProblems":2,"sources":["freeCodeCamp","leetCode","AI-generated"]}}
{"timestamp":"2025-09-12T21:41:12.978Z","level":"INFO","message":"Starting AI request attempt 1/5","data":{"description":"Claude API Test"}}
{"timestamp":"2025-09-12T21:41:14.895Z","level":"INFO","message":"AI request successful on attempt 1","data":{"description":"Claude API Test","responseLength":975}}
{"timestamp":"2025-09-12T21:41:42.622Z","level":"INFO","message":"Creating premium course: grokking-coding-interview","data":{"options":{"maxProblems":10,"languages":["javascript","python"],"practiceMode":"guided"}}}
{"timestamp":"2025-09-12T21:41:42.627Z","level":"INFO","message":"Starting AI request attempt 1/5","data":{"description":"Course Structure: Mastering Coding Interviews: Pattern-Based Problem Solving"}}
{"timestamp":"2025-09-12T21:41:54.714Z","level":"INFO","message":"AI request successful on attempt 1","data":{"description":"Course Structure: Mastering Coding Interviews: Pattern-Based Problem Solving","responseLength":6383}}
{"timestamp":"2025-09-12T21:41:54.725Z","level":"INFO","message":"Starting AI request attempt 1/5","data":{"description":"Module Lessons: Sliding Window and Two Pointers"}}
{"timestamp":"2025-09-12T21:42:15.999Z","level":"INFO","message":"AI request successful on attempt 1","data":{"description":"Module Lessons: Sliding Window and Two Pointers","responseLength":14479}}
{"timestamp":"2025-09-12T21:42:16.016Z","level":"WARN","message":"AI request failed on attempt 1/5","data":{"description":"Module Lessons: Sliding Window and Two Pointers","error":"AI response contained malformed JSON after all sanitization attempts: Expected ',' or '}' after property value in JSON at position 1958 (line 1 column 1959)","type":"MALFORMED_JSON","retryable":false}}
{"timestamp":"2025-09-12T21:42:16.018Z","level":"ERROR","message":"Non-retryable error encountered","data":{"description":"Module Lessons: Sliding Window and Two Pointers","error":"AI response contained malformed JSON after all sanitization attempts: Expected ',' or '}' after property value in JSON at position 1958 (line 1 column 1959)"}}
{"timestamp":"2025-09-12T21:43:05.787Z","level":"INFO","message":"Creating premium course: grokking-coding-interview","data":{"options":{"maxProblems":10,"languages":["javascript","python"],"practiceMode":"guided"}}}
{"timestamp":"2025-09-12T21:43:05.796Z","level":"INFO","message":"Starting AI request attempt 1/5","data":{"description":"Course Structure: Mastering Coding Interviews: Pattern-Based Problem Solving"}}
{"timestamp":"2025-09-12T21:43:13.654Z","level":"INFO","message":"AI request successful on attempt 1","data":{"description":"Course Structure: Mastering Coding Interviews: Pattern-Based Problem Solving","responseLength":4703}}
{"timestamp":"2025-09-12T21:43:13.785Z","level":"ERROR","message":"Failed to create premium course","data":{"error":"column \"difficulty_level\" of relation \"courses\" does not exist","courseType":"grokking-coding-interview"}}
{"timestamp":"2025-09-12T21:44:04.785Z","level":"INFO","message":"Creating premium course: grokking-coding-interview","data":{"options":{"maxProblems":10,"languages":["javascript","python"],"practiceMode":"guided"}}}
{"timestamp":"2025-09-12T21:44:04.792Z","level":"INFO","message":"Starting AI request attempt 1/5","data":{"description":"Course Structure: Mastering Coding Interviews: Pattern-Based Problem Solving"}}
{"timestamp":"2025-09-12T21:44:17.191Z","level":"INFO","message":"AI request successful on attempt 1","data":{"description":"Course Structure: Mastering Coding Interviews: Pattern-Based Problem Solving","responseLength":6362}}
{"timestamp":"2025-09-12T21:44:17.517Z","level":"ERROR","message":"Failed to create premium course","data":{"error":"column \"language\" of relation \"courses\" does not exist","courseType":"grokking-coding-interview"}}
{"timestamp":"2025-09-12T21:44:33.526Z","level":"INFO","message":"Creating premium course: grokking-coding-interview","data":{"options":{"maxProblems":10,"languages":["javascript","python"],"practiceMode":"guided"}}}
{"timestamp":"2025-09-12T21:44:33.543Z","level":"INFO","message":"Starting AI request attempt 1/5","data":{"description":"Course Structure: Mastering Coding Interviews: Pattern-Based Problem Solving"}}
{"timestamp":"2025-09-12T21:44:44.477Z","level":"INFO","message":"AI request successful on attempt 1","data":{"description":"Course Structure: Mastering Coding Interviews: Pattern-Based Problem Solving","responseLength":5523}}
{"timestamp":"2025-09-12T21:44:47.135Z","level":"ERROR","message":"Failed to create premium course","data":{"error":"invalid input syntax for type uuid: \"4\"","courseType":"grokking-coding-interview"}}
{"timestamp":"2025-09-12T21:45:07.099Z","level":"INFO","message":"Creating premium course: grokking-coding-interview","data":{"options":{"maxProblems":10,"languages":["javascript","python"],"practiceMode":"guided"}}}
{"timestamp":"2025-09-12T21:45:07.164Z","level":"INFO","message":"Starting AI request attempt 1/5","data":{"description":"Course Structure: Mastering Coding Interviews: Pattern-Based Problem Solving"}}
{"timestamp":"2025-09-12T21:45:17.575Z","level":"INFO","message":"AI request successful on attempt 1","data":{"description":"Course Structure: Mastering Coding Interviews: Pattern-Based Problem Solving","responseLength":5060}}
{"timestamp":"2025-09-12T21:45:18.093Z","level":"ERROR","message":"Failed to create premium course","data":{"error":"invalid input syntax for type uuid: \"5\"","courseType":"grokking-coding-interview"}}
{"timestamp":"2025-09-12T21:47:28.574Z","level":"INFO","message":"Creating premium course: grokking-coding-interview","data":{"options":{"maxProblems":5,"languages":["javascript","python"],"practiceMode":"guided"}}}
{"timestamp":"2025-09-12T21:47:28.590Z","level":"INFO","message":"Starting AI request attempt 1/5","data":{"description":"Course Structure: Mastering Coding Interviews: Pattern-Based Problem Solving"}}
{"timestamp":"2025-09-12T21:47:40.722Z","level":"INFO","message":"AI request successful on attempt 1","data":{"description":"Course Structure: Mastering Coding Interviews: Pattern-Based Problem Solving","responseLength":7239}}
{"timestamp":"2025-09-12T21:47:41.497Z","level":"ERROR","message":"Failed to create premium course","data":{"error":"invalid input syntax for type uuid: \"6\"","courseType":"grokking-coding-interview"}}
{"timestamp":"2025-09-12T21:48:45.527Z","level":"INFO","message":"Creating premium course: grokking-coding-interview","data":{"options":{"maxProblems":5,"languages":["javascript","python"],"practiceMode":"guided"}}}
{"timestamp":"2025-09-12T21:48:45.539Z","level":"INFO","message":"Starting AI request attempt 1/5","data":{"description":"Course Structure: Mastering Coding Interviews: Pattern-Based Problem Solving"}}
{"timestamp":"2025-09-12T21:48:56.077Z","level":"INFO","message":"AI request successful on attempt 1","data":{"description":"Course Structure: Mastering Coding Interviews: Pattern-Based Problem Solving","responseLength":5805}}
{"timestamp":"2025-09-12T21:48:56.634Z","level":"INFO","message":"Premium course created successfully","data":{"courseId":7,"title":"Mastering Coding Interviews: Crack the Top Tech Companies","lessonCount":6,"problemCount":3,"estimatedTime":{"totalHours":40},"difficulty":"intermediate"}}
{"timestamp":"2025-09-12T21:49:45.868Z","level":"INFO","message":"Creating premium course: grokking-coding-interview","data":{"options":{"maxProblems":2,"languages":["javascript","python"],"practiceMode":"guided"}}}
{"timestamp":"2025-09-12T21:49:45.873Z","level":"INFO","message":"Starting AI request attempt 1/5","data":{"description":"Course Structure: Mastering Coding Interviews: Pattern-Based Problem Solving"}}
{"timestamp":"2025-09-12T21:49:56.857Z","level":"INFO","message":"AI request successful on attempt 1","data":{"description":"Course Structure: Mastering Coding Interviews: Pattern-Based Problem Solving","responseLength":6010}}
{"timestamp":"2025-09-12T21:49:57.562Z","level":"INFO","message":"Premium course created successfully","data":{"courseId":8,"title":"Mastering Coding Interviews: Pattern-Based Problem Solving","lessonCount":7,"problemCount":3,"estimatedTime":{"totalHours":40},"difficulty":"intermediate"}}
{"timestamp":"2025-09-12T21:55:53.157Z","level":"INFO","message":"Creating premium course: dynamic-programming-patterns","data":{"options":{"maxProblems":5,"languages":["javascript","python"],"practiceMode":"guided"}}}
{"timestamp":"2025-09-12T21:55:53.167Z","level":"INFO","message":"Starting AI request attempt 1/5","data":{"description":"Course Structure: Dynamic Programming Decoded: From Beginner to Expert"}}
{"timestamp":"2025-09-12T21:56:01.198Z","level":"INFO","message":"AI request successful on attempt 1","data":{"description":"Course Structure: Dynamic Programming Decoded: From Beginner to Expert","responseLength":4475}}
{"timestamp":"2025-09-12T21:56:01.348Z","level":"ERROR","message":"Failed to create premium course","data":{"error":"invalid input syntax for type integer: \"674e7027-76fe-4040-9fdd-4d3ebea8cd40\"","courseType":"dynamic-programming-patterns"}}
{"timestamp":"2025-09-12T21:56:29.838Z","level":"INFO","message":"Creating premium course: system-design-interview","data":{"options":{"maxProblems":3,"languages":["javascript","python"],"practiceMode":"guided"}}}
{"timestamp":"2025-09-12T21:56:29.846Z","level":"INFO","message":"Starting AI request attempt 1/5","data":{"description":"Course Structure: System Design Mastery: Scalable Architecture Patterns"}}
{"timestamp":"2025-09-12T21:56:36.335Z","level":"INFO","message":"AI request successful on attempt 1","data":{"description":"Course Structure: System Design Mastery: Scalable Architecture Patterns","responseLength":3714}}
{"timestamp":"2025-09-12T21:56:36.437Z","level":"ERROR","message":"Failed to create premium course","data":{"error":"Cannot read properties of undefined (reading 'title')","courseType":"system-design-interview"}}
{"timestamp":"2025-09-12T21:57:20.098Z","level":"INFO","message":"Creating premium course: system-design-interview","data":{"options":{"maxProblems":3,"languages":["javascript"],"practiceMode":"guided"}}}
{"timestamp":"2025-09-12T21:57:20.115Z","level":"INFO","message":"Starting AI request attempt 1/5","data":{"description":"Course Structure: System Design Mastery: Scalable Architecture Patterns"}}
{"timestamp":"2025-09-12T21:57:27.216Z","level":"INFO","message":"AI request successful on attempt 1","data":{"description":"Course Structure: System Design Mastery: Scalable Architecture Patterns","responseLength":3686}}
{"timestamp":"2025-09-12T21:57:27.317Z","level":"ERROR","message":"Failed to create premium course","data":{"error":"Cannot read properties of undefined (reading 'title')","courseType":"system-design-interview"}}
{"timestamp":"2025-09-12T21:58:01.488Z","level":"INFO","message":"Creating premium course: system-design-interview","data":{"options":{"maxProblems":3,"languages":["javascript"],"practiceMode":"guided"}}}
{"timestamp":"2025-09-12T21:58:01.494Z","level":"INFO","message":"Starting AI request attempt 1/5","data":{"description":"Course Structure: System Design Mastery: Scalable Architecture Patterns"}}
{"timestamp":"2025-09-12T21:58:08.160Z","level":"INFO","message":"AI request successful on attempt 1","data":{"description":"Course Structure: System Design Mastery: Scalable Architecture Patterns","responseLength":3250}}
{"timestamp":"2025-09-12T21:58:08.297Z","level":"INFO","message":"Premium course created successfully","data":{"courseId":"b76d03c0-6aeb-4e8f-940e-86c0e81b4459","title":"Generated Course","lessonCount":6,"problemCount":3,"estimatedTime":{"totalHours":40},"difficulty":"intermediate"}}
{"timestamp":"2025-09-12T21:58:35.180Z","level":"INFO","message":"Creating premium course: system-design-interview","data":{"options":{"maxProblems":3,"languages":["javascript"],"practiceMode":"guided"}}}
{"timestamp":"2025-09-12T21:58:35.187Z","level":"INFO","message":"Starting AI request attempt 1/5","data":{"description":"Course Structure: System Design Mastery: Scalable Architecture Patterns"}}
{"timestamp":"2025-09-12T21:58:42.504Z","level":"INFO","message":"AI request successful on attempt 1","data":{"description":"Course Structure: System Design Mastery: Scalable Architecture Patterns","responseLength":3877}}
{"timestamp":"2025-09-12T21:58:42.641Z","level":"INFO","message":"Premium course created successfully","data":{"courseId":"36ecdb74-015e-4db6-9ca8-bb20238446c7","title":"System Design Mastery: Scalable Architecture Patterns","lessonCount":6,"problemCount":3,"estimatedTime":{"totalHours":40},"difficulty":"intermediate"}}
{"timestamp":"2025-09-12T22:01:33.865Z","level":"INFO","message":"Creating premium course: grokking-coding-interview","data":{"options":{"maxProblems":5,"languages":["javascript","python"],"practiceMode":"guided"}}}
{"timestamp":"2025-09-12T22:01:33.870Z","level":"INFO","message":"Starting AI request attempt 1/5","data":{"description":"Course Structure: Mastering Coding Interviews: Pattern-Based Problem Solving"}}
{"timestamp":"2025-09-12T22:01:43.922Z","level":"INFO","message":"AI request successful on attempt 1","data":{"description":"Course Structure: Mastering Coding Interviews: Pattern-Based Problem Solving","responseLength":5512}}
{"timestamp":"2025-09-12T22:01:44.060Z","level":"INFO","message":"Premium course created successfully","data":{"courseId":"4a2d5f71-932d-4622-9c2b-e274c7753998","title":"Mastering Coding Interviews: Pattern-Based Problem Solving","lessonCount":6,"problemCount":3,"estimatedTime":{"totalHours":40},"difficulty":"intermediate"}}
{"timestamp":"2025-09-12T22:16:56.835Z","level":"INFO","message":"Creating premium course: data-structures-deep-dive","data":{"options":{"maxProblems":3,"languages":["javascript","python"],"practiceMode":"guided"}}}
{"timestamp":"2025-09-12T22:16:56.844Z","level":"INFO","message":"Starting AI request attempt 1/5","data":{"description":"Course Structure: Data Structures & Algorithms: The Complete Masterclass"}}
{"timestamp":"2025-09-12T22:17:04.446Z","level":"INFO","message":"AI request successful on attempt 1","data":{"description":"Course Structure: Data Structures & Algorithms: The Complete Masterclass","responseLength":5124}}
{"timestamp":"2025-09-12T22:17:05.872Z","level":"INFO","message":"Premium course created successfully","data":{"courseId":"d24f96f1-5a0d-41c0-bc02-69d4b35451be","title":"Data Structures & Algorithms: The Complete Masterclass","lessonCount":6,"problemCount":3,"estimatedTime":{"totalHours":40},"difficulty":"intermediate"}}
{"timestamp":"2025-09-12T22:43:32.371Z","level":"INFO","message":"Creating premium course: grokking-coding-interview","data":{"options":{"maxProblems":5,"languages":["javascript","python"],"practiceMode":"guided"}}}
{"timestamp":"2025-09-12T22:43:32.394Z","level":"INFO","message":"Starting AI request attempt 1/5","data":{"description":"Course Structure: Mastering Coding Interviews: Pattern-Based Problem Solving"}}
{"timestamp":"2025-09-12T22:43:32.844Z","level":"WARN","message":"AI request failed on attempt 1/5","data":{"description":"Course Structure: Mastering Coding Interviews: Pattern-Based Problem Solving","error":"404 {\"type\":\"error\",\"error\":{\"type\":\"not_found_error\",\"message\":\"model: claude-3-5-sonnet-20241022\"},\"request_id\":\"req_011CT5KFHFnSgd4jEhrVCz52\"}","type":"UNKNOWN","retryable":false}}
{"timestamp":"2025-09-12T22:43:32.848Z","level":"ERROR","message":"Non-retryable error encountered","data":{"description":"Course Structure: Mastering Coding Interviews: Pattern-Based Problem Solving","error":"404 {\"type\":\"error\",\"error\":{\"type\":\"not_found_error\",\"message\":\"model: claude-3-5-sonnet-20241022\"},\"request_id\":\"req_011CT5KFHFnSgd4jEhrVCz52\"}"}}
{"timestamp":"2025-09-12T22:44:34.385Z","level":"INFO","message":"Creating premium course: grokking-coding-interview","data":{"options":{"maxProblems":5,"languages":["javascript","python"],"practiceMode":"guided"}}}
{"timestamp":"2025-09-12T22:44:34.395Z","level":"INFO","message":"Starting AI request attempt 1/5","data":{"description":"Course Structure: Mastering Coding Interviews: Pattern-Based Problem Solving"}}
{"timestamp":"2025-09-12T22:44:34.863Z","level":"WARN","message":"AI request failed on attempt 1/5","data":{"description":"Course Structure: Mastering Coding Interviews: Pattern-Based Problem Solving","error":"404 {\"type\":\"error\",\"error\":{\"type\":\"not_found_error\",\"message\":\"model: claude-3-5-sonnet-20240620\"},\"request_id\":\"req_011CT5KKrFWmuPoFLMd2kf7d\"}","type":"UNKNOWN","retryable":false}}
{"timestamp":"2025-09-12T22:44:34.900Z","level":"ERROR","message":"Non-retryable error encountered","data":{"description":"Course Structure: Mastering Coding Interviews: Pattern-Based Problem Solving","error":"404 {\"type\":\"error\",\"error\":{\"type\":\"not_found_error\",\"message\":\"model: claude-3-5-sonnet-20240620\"},\"request_id\":\"req_011CT5KKrFWmuPoFLMd2kf7d\"}"}}
{"timestamp":"2025-09-12T22:45:14.167Z","level":"INFO","message":"Creating premium course: grokking-coding-interview","data":{"options":{"maxProblems":5,"languages":["javascript","python"],"practiceMode":"guided"}}}
{"timestamp":"2025-09-12T22:45:14.181Z","level":"INFO","message":"Starting AI request attempt 1/5","data":{"description":"Course Structure: Mastering Coding Interviews: Pattern-Based Problem Solving"}}
{"timestamp":"2025-09-12T22:45:14.561Z","level":"WARN","message":"AI request failed on attempt 1/5","data":{"description":"Course Structure: Mastering Coding Interviews: Pattern-Based Problem Solving","error":"404 {\"type\":\"error\",\"error\":{\"type\":\"not_found_error\",\"message\":\"model: claude-3-5-sonnet-latest\"},\"request_id\":\"req_011CT5KNn6KEjnSBtqiiWAmJ\"}","type":"UNKNOWN","retryable":false}}
{"timestamp":"2025-09-12T22:45:14.574Z","level":"ERROR","message":"Non-retryable error encountered","data":{"description":"Course Structure: Mastering Coding Interviews: Pattern-Based Problem Solving","error":"404 {\"type\":\"error\",\"error\":{\"type\":\"not_found_error\",\"message\":\"model: claude-3-5-sonnet-latest\"},\"request_id\":\"req_011CT5KNn6KEjnSBtqiiWAmJ\"}"}}
{"timestamp":"2025-09-12T22:45:43.410Z","level":"INFO","message":"Creating premium course: grokking-coding-interview","data":{"options":{"maxProblems":3,"languages":["javascript","python"],"practiceMode":"guided"}}}
{"timestamp":"2025-09-12T22:45:43.418Z","level":"INFO","message":"Starting AI request attempt 1/5","data":{"description":"Course Structure: Mastering Coding Interviews: Pattern-Based Problem Solving"}}
{"timestamp":"2025-09-12T22:45:43.765Z","level":"WARN","message":"AI request failed on attempt 1/5","data":{"description":"Course Structure: Mastering Coding Interviews: Pattern-Based Problem Solving","error":"400 {\"type\":\"error\",\"error\":{\"type\":\"invalid_request_error\",\"message\":\"max_tokens: 8192 > 4096, which is the maximum allowed number of output tokens for claude-3-haiku-20240307\"},\"request_id\":\"req_011CT5KQw5NCp1ER1ksyaJ6C\"}","type":"UNKNOWN","retryable":false}}
{"timestamp":"2025-09-12T22:45:43.782Z","level":"ERROR","message":"Non-retryable error encountered","data":{"description":"Course Structure: Mastering Coding Interviews: Pattern-Based Problem Solving","error":"400 {\"type\":\"error\",\"error\":{\"type\":\"invalid_request_error\",\"message\":\"max_tokens: 8192 > 4096, which is the maximum allowed number of output tokens for claude-3-haiku-20240307\"},\"request_id\":\"req_011CT5KQw5NCp1ER1ksyaJ6C\"}"}}
{"timestamp":"2025-09-12T22:46:06.553Z","level":"INFO","message":"Creating premium course: grokking-coding-interview","data":{"options":{"maxProblems":3,"languages":["javascript","python"],"practiceMode":"guided"}}}
{"timestamp":"2025-09-12T22:46:06.570Z","level":"INFO","message":"Starting AI request attempt 1/5","data":{"description":"Course Structure: Mastering Coding Interviews: Pattern-Based Problem Solving"}}
{"timestamp":"2025-09-12T22:46:17.359Z","level":"INFO","message":"AI request successful on attempt 1","data":{"description":"Course Structure: Mastering Coding Interviews: Pattern-Based Problem Solving","responseLength":5558}}
{"timestamp":"2025-09-12T22:46:18.684Z","level":"INFO","message":"Premium course created successfully","data":{"courseId":"4d5658ab-e214-42c9-8c2a-d3e116c55aeb","title":"Mastering Coding Interviews: Pattern-Based Problem Solving","lessonCount":6,"problemCount":3,"estimatedTime":{"totalHours":40},"difficulty":"intermediate"}}
{"timestamp":"2025-09-13T00:16:03.477Z","level":"INFO","message":"Starting AI supervision for session session_1757722563477"}
{"timestamp":"2025-09-13T00:16:03.483Z","level":"INFO","message":"Starting AI request attempt 1/5","data":{"description":"Session Strategy: session_1757722563477"}}
{"timestamp":"2025-09-13T00:16:09.764Z","level":"INFO","message":"AI request successful on attempt 1","data":{"description":"Session Strategy: session_1757722563477","responseLength":4774}}
{"timestamp":"2025-09-13T01:47:56.722Z","level":"INFO","message":"Creating premium course: generate-examples","data":{"options":{"maxProblems":40,"languages":["javascript","python"],"practiceMode":"guided"}}}
{"timestamp":"2025-09-13T01:48:17.310Z","level":"INFO","message":"Creating premium course: grokking-coding-interview","data":{"options":{"maxProblems":40,"languages":["javascript","python"],"practiceMode":"guided"}}}
{"timestamp":"2025-09-13T01:48:17.315Z","level":"INFO","message":"Starting AI request attempt 1/5","data":{"description":"Course Structure: Mastering Coding Interviews: Pattern-Based Problem Solving"}}
{"timestamp":"2025-09-13T01:48:30.760Z","level":"INFO","message":"AI request successful on attempt 1","data":{"description":"Course Structure: Mastering Coding Interviews: Pattern-Based Problem Solving","responseLength":6751}}
{"timestamp":"2025-09-13T01:48:32.079Z","level":"INFO","message":"Premium course created successfully","data":{"courseId":"55cf5c87-fc69-4eb6-ae91-8884cae8a23e","title":"Mastering Coding Interviews: Pattern-Based Problem Solving","lessonCount":8,"problemCount":3,"estimatedTime":{"totalHours":40},"difficulty":"intermediate"}}
{"timestamp":"2025-09-13T01:51:48.457Z","level":"INFO","message":"Creating premium course: generate-custom","data":{"options":{"maxProblems":40,"languages":["trees","algorithms"],"practiceMode":"guided"}}}
